crystallizable,non-crystallizable,Label
0.9508506,0.049149383,Train129
3.2555304,-2.2555304,Train970
-5.1004353,6.1004353,Train13382
-3.2009912,4.200991,Train7116
-0.28475797,1.284758,Train3075
-3.3207326,4.3207326,Train7977
-4.323372,5.323372,Train13310
1.742424,-0.74242395,Train3276
-2.1464438,3.1464438,Train16850
1.6378593,-0.6378594,Train7608
-2.856112,3.856112,Train14790
0.30956274,0.69043726,Train18573
-3.608409,4.608409,Train24606
0.34730303,0.65269697,Train15327
-0.7295643,1.7295643,Train17103
1.8607872,-0.86078715,Train1041
-2.035189,3.035189,Train23471
-5.1184883,6.1184883,Train13829
-4.174603,5.174603,Train12496
1.4183239,-0.41832387,Train1852
1.6483898,-0.64838976,Train666
0.53622156,0.46377844,Train2635
-4.518077,5.518077,Train24588
-0.8207625,1.8207625,Train14678
0.65634876,0.34365124,Train23965
-4.0142474,5.0142474,Train22227
-2.4884264,3.4884264,Train8511
-2.4088018,3.4088018,Train19469
0.10256469,0.8974353,Train361
0.60000277,0.3999972,Train768
0.08077437,0.91922563,Train3793
0.7923825,0.20761752,Train1756
3.714971,-2.714971,Train260
-4.758668,5.758668,Train22784
-0.07651949,1.0765195,Train1794
-3.2128477,4.2128477,Train10742
-1.1496961,2.149696,Train4844
-4.376462,5.376462,Train13252
2.339636,-1.3396361,Train366
-1.5350785,2.5350785,Train7275
-4.766958,5.766958,Train12118
-1.5327859,2.532786,Train21493
-1.7093313,2.7093313,Train7072
-4.254021,5.254021,Train24658
0.3336324,0.6663676,Train19160
1.3682886,-0.36828864,Train2228
-2.5238621,3.5238621,Train10364
-1.8180044,2.8180044,Train729
1.012901,-0.012900912,Train2921
-4.7810264,5.7810264,Train11749
1.4137523,-0.41375235,Train730
-1.1482615,2.1482615,Train8275
-2.434195,3.434195,Train25153
2.3971906,-1.3971905,Train8749
-1.6549273,2.6549273,Train3920
-0.82526946,1.8252695,Train12083
-3.6224976,4.6224976,Train17343
0.5027251,0.49727485,Train1513
1.7012517,-0.7012517,Train3832
-1.3514073,2.3514073,Train4918
-1.2144341,2.2144341,Train16327
-3.7879138,4.787914,Train24702
-4.773818,5.773818,Train8082
-0.77023625,1.7702363,Train14912
0.55878645,0.44121355,Train15402
-0.6198293,1.6198293,Train24443
-5.065393,6.065393,Train13874
-2.1248171,3.1248171,Train16211
-1.0943823,2.0943823,Train16172
-4.5634446,5.5634446,Train12297
-1.9999776,2.9999776,Train7535
2.524939,-1.5249391,Train216
-1.1176925,2.1176925,Train3352
-5.66496,6.66496,Train13873
0.46750695,0.53249305,Train3754
0.12344301,0.876557,Train5540
1.7827647,-0.78276473,Train5174
-2.4708736,3.4708736,Train18072
-1.6652796,2.6652796,Train5070
-3.6893187,4.6893187,Train21065
-0.5885583,1.5885583,Train4370
0.45963424,0.54036576,Train16801
-1.7951269,2.795127,Train23305
-2.387909,3.387909,Train14973
-1.445849,2.445849,Train14703
0.9823541,0.017645886,Train518
-2.7936292,3.7936292,Train6983
-4.3535404,5.3535404,Train11956
-1.5860219,2.586022,Train16410
-1.8053117,2.8053117,Train3113
-0.9348717,1.9348717,Train21262
-3.6264963,4.6264963,Train24621
-3.3134418,4.3134418,Train13150
-0.03299296,1.032993,Train8231
0.6857135,0.31428644,Train16305
-3.8064322,4.8064322,Train19492
0.7612556,0.23874441,Train3470
-4.8305793,5.8305793,Train21873
-3.8150177,4.8150177,Train7987
-2.2440119,3.2440119,Train17950
-5.5186543,6.5186543,Train14577
-2.9579053,3.9579053,Train18285
-4.0931177,5.0931177,Train11566
-0.68951035,1.6895103,Train3604
0.39773583,0.60226417,Train5874
-1.0913496,2.0913496,Train5394
1.0831168,-0.08311676,Train638
1.527324,-0.527324,Train442
-2.5908291,3.5908291,Train25826
-3.634015,4.634015,Train22848
0.20669061,0.7933094,Train2550
-1.0835483,2.0835483,Train4013
-2.276671,3.276671,Train20640
-2.511066,3.511066,Train17199
-0.9859587,1.9859587,Train6021
0.63035,0.36964998,Train5508
-0.5268843,1.5268843,Train1669
-3.0995193,4.0995193,Train22895
1.0544237,-0.054423697,Train4451
-2.0911036,3.0911036,Train18323
-4.1692467,5.1692467,Train25720
-1.391633,2.391633,Train7234
-0.39574742,1.3957474,Train6971
-4.175924,5.175924,Train8022
0.59176624,0.40823376,Train510
0.4695956,0.5304044,Train9032
-1.4184566,2.4184566,Train25475
-1.7510812,2.7510812,Train14863
0.11709273,0.8829073,Train434
1.0820727,-0.08207276,Train4131
-1.9701669,2.970167,Train23480
1.3243423,-0.32434222,Train2467
-0.073836684,1.0738367,Train3851
-2.3300722,3.3300722,Train24802
-1.5089965,2.5089965,Train9238
-3.2472677,4.2472677,Train8009
3.7728155,-2.7728155,Train205
1.437799,-0.43779895,Train2692
-4.108428,5.108428,Train11778
1.049833,-0.049833056,Train9605
0.6436069,0.35639307,Train14676
-2.425265,3.425265,Train16320
-4.9576726,5.9576726,Train13282
-0.43576324,1.4357632,Train15212
0.23965436,0.76034564,Train8937
0.9525663,0.047433697,Train23122
-4.0758715,5.0758715,Train14281
0.079401016,0.920599,Train7902
-4.289042,5.289042,Train6921
3.4741533,-2.4741533,Train1428
0.99319845,0.0068015503,Train9076
-1.5835097,2.5835097,Train9172
-0.14936936,1.1493694,Train5278
-2.5156636,3.5156636,Train23911
3.8755558,-2.8755558,Train3331
-0.2553258,1.2553258,Train9343
-3.4206471,4.420647,Train13649
0.6248472,0.3751528,Train68
1.2744644,-0.27446434,Train1538
0.3509987,0.6490013,Train3094
-0.6223805,1.6223805,Train18430
-0.113394976,1.113395,Train3656
-1.9083006,2.9083006,Train24286
-4.51371,5.51371,Train22131
-0.4910395,1.4910395,Train6078
-3.6857448,4.685745,Train8061
-0.91719055,1.9171906,Train1204
0.44164854,0.55835146,Train14426
-2.701733,3.701733,Train11946
2.5525684,-1.5525686,Train1508
0.6809657,0.31903428,Train8024
-3.7488127,4.7488127,Train8438
-1.16752,2.16752,Train21577
-3.8919039,4.891904,Train12902
-4.358075,5.358075,Train11463
0.7213266,0.27867338,Train9732
-4.2979593,5.2979593,Train13365
-2.4399464,3.4399464,Train24384
-3.1479287,4.1479287,Train7062
-3.0552287,4.0552287,Train25733
0.7447478,0.25525218,Train4829
-5.158624,6.158624,Train11909
3.3284643,-2.3284643,Train1340
-5.062891,6.062891,Train12090
3.3798006,-2.3798006,Train1888
-0.016148925,1.0161489,Train2792
1.1832311,-0.18323109,Train483
-1.0180695,2.0180695,Train25366
-2.3354523,3.3354523,Train8365
-2.9121518,3.9121518,Train25893
0.32321084,0.67678916,Train5180
1.0495471,-0.049547102,Train73
2.6297288,-1.6297289,Train3463
-0.11966622,1.1196662,Train1021
-0.4139434,1.4139434,Train7446
1.1974542,-0.19745415,Train4338
0.9766684,0.023331588,Train542
0.4615128,0.5384872,Train18792
-0.5624435,1.5624435,Train20251
-2.1670249,3.1670249,Train17557
-4.875557,5.875557,Train13214
0.37326205,0.62673795,Train25920
-0.8258159,1.8258159,Train8345
-2.0078642,3.0078642,Train11063
4.275234,-3.2752342,Train1448
-2.9575174,3.9575174,Train1094
-1.628191,2.628191,Train10017
2.362288,-1.3622881,Train2947
0.76858586,0.23141414,Train2466
-2.7798712,3.7798712,Train15368
-0.066360116,1.0663601,Train15264
0.37909943,0.6209006,Train25617
-0.24730587,1.2473059,Train9253
-0.8077773,1.8077773,Train18730
2.0140495,-1.0140496,Train445
0.062293887,0.9377061,Train2223
-2.706342,3.706342,Train14980
-4.119561,5.119561,Train22668
-3.2968626,4.2968626,Train13735
0.34147406,0.65852594,Train378
-1.2541301,2.2541301,Train1961
0.2640882,0.7359118,Train5371
0.6716429,0.32835707,Train450
-0.64761126,1.6476113,Train6746
-3.6671534,4.6671534,Train12951
2.4369087,-1.4369088,Train3453
-3.3649063,4.3649063,Train12431
-1.1481395,2.1481395,Train20204
1.4190652,-0.4190653,Train3084
1.4664083,-0.4664082,Train4086
-3.39462,4.39462,Train13942
-1.5664592,2.5664592,Train7841
-1.1293919,2.129392,Train13734
1.1611298,-0.16112982,Train5319
-1.710331,2.710331,Train16628
-1.2774601,2.27746,Train16457
0.22708058,0.7729194,Train16321
-3.4197006,4.4197006,Train22872
-2.8443623,3.8443623,Train14173
-1.0227511,2.022751,Train10357
-2.0265117,3.0265117,Train11385
-0.6317899,1.6317899,Train23603
-2.7559183,3.7559183,Train6991
0.36794883,0.63205117,Train5572
-2.6705186,3.6705186,Train16298
-0.70747733,1.7074773,Train16226
-1.4084897,2.4084897,Train2109
0.2138623,0.7861377,Train105
-5.271063,6.271063,Train24596
-1.4868877,2.4868877,Train23580
-0.6902317,1.6902317,Train85
-0.27109754,1.2710975,Train6669
2.2274299,-1.2274297,Train392
0.650915,0.349085,Train15256
-2.4963017,3.4963017,Train21304
-2.4928954,3.4928954,Train4895
-3.5045404,4.5045404,Train11906
-3.930606,4.930606,Train14804
-0.01940465,1.0194046,Train21344
-3.5504498,4.55045,Train11904
-1.3377438,2.3377438,Train7085
-0.6860037,1.6860037,Train25476
-4.39903,5.39903,Train11882
0.18832958,0.8116704,Train11041
-0.9599813,1.9599813,Train4015
-4.383174,5.383174,Train12270
1.0395614,-0.03956136,Train925
-0.4805411,1.4805411,Train24161
-1.0209522,2.0209522,Train3692
-5.2040815,6.2040815,Train16727
-0.80559385,1.8055938,Train676
-0.1874969,1.1874969,Train3959
-3.2808928,4.280893,Train13250
-3.0351343,4.0351343,Train12966
-2.9029481,3.9029481,Train19398
1.5259496,-0.5259496,Train1906
-2.3101876,3.3101876,Train16480
0.61832607,0.38167393,Train25735
-2.35257,3.35257,Train16638
-1.1642227,2.1642227,Train24516
1.618767,-0.618767,Train15673
-1.1674919,2.167492,Train4752
-5.118518,6.118518,Train12441
0.9253412,0.074658796,Train1721
-4.9010844,5.9010844,Train11718
-0.67097783,1.6709778,Train8769
-2.0235252,3.0235252,Train7895
-3.8680172,4.868017,Train11735
0.77452296,0.22547704,Train17083
-2.0106294,3.0106294,Train7387
-1.3080852,2.3080852,Train4930
3.2784972,-2.2784972,Train3433
-4.1340756,5.1340756,Train12822
-0.41986406,1.419864,Train7911
0.41992128,0.5800787,Train23364
1.016262,-0.016262088,Train3061
-0.6177659,1.6177659,Train9715
-0.268427,1.268427,Train19604
-2.689333,3.689333,Train12028
-0.23280048,1.2328005,Train338
-0.18425894,1.1842589,Train3062
-0.858479,1.858479,Train2357
-3.1855836,4.1855836,Train13481
-4.8421874,5.8421874,Train22365
-5.402761,6.402761,Train12089
-3.7290497,4.7290497,Train21983
-2.2217982,3.2217982,Train8451
-5.5385423,6.5385423,Train13740
-0.915946,1.915946,Train505
-1.4933441,2.493344,Train1684
-2.6775515,3.6775515,Train25318
-4.3334417,5.3334417,Train16855
-1.0749452,2.0749452,Train4248
-1.7699714,2.7699714,Train6288
2.783865,-1.7838649,Train3547
-2.159199,3.159199,Train25561
-0.25437963,1.2543796,Train16181
-2.0743093,3.0743093,Train25219
-2.765659,3.765659,Train20281
1.2157321,-0.2157321,Train18387
-2.2001858,3.2001858,Train2799
-2.6455252,3.6455252,Train14640
0.6853663,0.31463376,Train4616
-3.8564954,4.8564954,Train12442
-0.8583236,1.8583236,Train23708
0.24600768,0.7539923,Train2146
-0.047466397,1.0474664,Train18512
-0.4088155,1.4088155,Train19860
0.60728395,0.39271608,Train23130
-2.2639713,3.2639713,Train19057
-4.464076,5.464076,Train21862
-3.1823997,4.1823997,Train15941
-1.2867615,2.2867615,Train6737
2.2479591,-1.2479591,Train3902
1.8967773,-0.8967773,Train2773
0.7186801,0.28131992,Train11097
-2.559328,3.559328,Train13710
-5.287804,6.287804,Train11590
-2.273946,3.273946,Train16686
1.6415915,-0.64159155,Train3973
-0.052047133,1.0520471,Train886
0.71487176,0.28512827,Train20186
-0.05830419,1.0583042,Train15096
-1.2208881,2.2208881,Train2159
0.26373696,0.73626304,Train390
-2.2875874,3.2875874,Train14695
-3.6124725,4.6124725,Train23178
0.7833844,0.21661562,Train8252
1.3740096,-0.37400955,Train1493
0.21741968,0.7825803,Train5674
-3.7800827,4.7800827,Train7742
-4.7277036,5.7277036,Train21845
4.655318,-3.6553178,Train2986
-0.45512724,1.4551272,Train6676
-1.2860894,2.2860894,Train24673
0.91647893,0.08352105,Train2654
-0.79466355,1.7946635,Train15662
-4.203731,5.203731,Train14567
-0.23114848,1.2311485,Train375
-0.07738471,1.0773847,Train9839
-3.341426,4.341426,Train22171
1.4510953,-0.4510953,Train456
-2.5335453,3.5335453,Train5247
1.2958418,-0.2958418,Train3338
-1.2707086,2.2707086,Train4112
-3.73774,4.73774,Train7755
-3.2360811,4.236081,Train20414
1.0904983,-0.090498365,Train1265
-4.205904,5.205904,Train13984
1.8737031,-0.8737031,Train694
-3.3660674,4.3660674,Train12894
-1.0763094,2.0763094,Train11191
-0.016793966,1.016794,Train8679
-5.6369314,6.6369314,Train16730
-5.347099,6.347099,Train11861
-0.52863,1.52863,Train17022
1.5192046,-0.5192047,Train473
-0.4598608,1.4598608,Train16644
1.4184948,-0.4184948,Train476
2.1334653,-1.1334653,Train2533
-0.9594495,1.9594495,Train10582
-2.3702183,3.3702183,Train25776
0.16365296,0.83634704,Train6801
0.7147889,0.28521112,Train3228
-2.3097541,3.3097541,Train25470
-4.565377,5.565377,Train4920
-1.7875152,2.7875152,Train7672
-1.6502848,2.6502848,Train7607
-2.244313,3.244313,Train4346
0.31109476,0.68890524,Train1088
-0.5046303,1.5046303,Train17485
-0.19615388,1.1961539,Train332
-1.578244,2.578244,Train7416
-2.9825454,3.9825454,Train18344
-0.42427444,1.4242744,Train25276
-3.4623718,4.462372,Train11711
-0.47098994,1.47099,Train360
-3.237965,4.237965,Train8037
0.36023992,0.6397601,Train1319
3.153498,-2.153498,Train3506
0.046806812,0.9531932,Train23971
-3.3909526,4.3909526,Train7327
-2.2702022,3.2702022,Train7425
-1.600656,2.600656,Train17397
-3.909638,4.909638,Train23886
-1.0027816,2.0027816,Train16534
-3.6297522,4.629752,Train23647
-0.80834675,1.8083467,Train7676
-2.208398,3.208398,Train5495
-4.6433687,5.6433687,Train7573
-2.6035483,3.6035483,Train24347
-2.9799285,3.9799285,Train21849
-5.2210937,6.2210937,Train25015
-2.4132955,3.4132955,Train17606
0.065075874,0.9349241,Train9624
-2.697564,3.697564,Train7855
0.6365355,0.36346444,Train25195
0.854809,0.14519103,Train25315
-1.1645162,2.1645162,Train4711
-5.2234387,6.2234387,Train11971
2.2578902,-1.2578903,Train5292
1.76999,-0.76998997,Train2240
-1.7726707,2.7726707,Train21377
-2.7923992,3.7923992,Train20783
-4.9922,5.9922,Train13037
2.4987707,-1.4987707,Train6802
1.013165,-0.013165056,Train10643
0.24283308,0.7571669,Train15572
-2.0960383,3.0960383,Train22941
-0.5466459,1.5466459,Train14592
-3.5397935,4.5397935,Train24644
1.3120137,-0.31201372,Train9438
-4.175887,5.175887,Train8841
-0.45799112,1.4579911,Train15921
-0.37931168,1.3793117,Train11171
-1.1877422,2.1877422,Train1044
1.0037696,-0.003769672,Train23325
4.1879096,-3.1879096,Train2515
0.76900494,0.23099507,Train18459
0.8919544,0.10804558,Train20049
-3.3717933,4.3717933,Train24079
-0.47286034,1.4728603,Train5880
-3.8126407,4.8126407,Train7060
-3.695437,4.695437,Train19994
-1.3983362,2.3983362,Train20416
1.9617081,-0.96170807,Train603
-2.1015553,3.1015553,Train1964
0.47367895,0.52632105,Train10964
-1.5851765,2.5851765,Train7960
-3.2846856,4.2846856,Train10832
-0.3460865,1.3460865,Train1748
-4.8004436,5.8004436,Train21853
-3.9334455,4.9334455,Train8532
-1.7800229,2.7800229,Train21012
1.5945961,-0.5945962,Train10245
-1.7983527,2.7983527,Train25690
-1.0692511,2.069251,Train23195
-2.5575686,3.5575686,Train4758
3.2691998,-2.2691998,Train3526
-3.6691408,4.669141,Train14042
-1.756623,2.756623,Train24430
-3.6772728,4.677273,Train21257
-1.6953001,2.6953,Train7447
-1.1171448,2.1171448,Train20896
-4.93881,5.93881,Train14074
-4.4211144,5.4211144,Train12689
0.8753346,0.124665394,Train3583
0.38856006,0.61143994,Train17353
-0.62927413,1.6292741,Train4115
-1.9834657,2.9834657,Train10889
-3.2687373,4.2687373,Train12502
0.02932626,0.97067374,Train3934
-1.5215116,2.5215116,Train16108
-1.0812969,2.081297,Train4204
0.3122306,0.6877694,Train2295
0.3901884,0.6098116,Train1732
-2.5892847,3.5892847,Train23196
-3.950272,4.950272,Train21677
-3.810029,4.810029,Train11565
-5.1497416,6.1497416,Train11692
-0.53375304,1.533753,Train24064
-2.7137806,3.7137806,Train23706
-2.431183,3.431183,Train18659
-0.6762401,1.6762401,Train2145
-1.2253816,2.2253816,Train5831
0.73591006,0.26408997,Train18440
-0.88035166,1.8803517,Train23128
-3.788247,4.788247,Train23818
-1.5654063,2.5654063,Train25172
-2.3429298,3.3429298,Train18622
-0.9019797,1.9019797,Train9184
-1.5765827,2.5765827,Train18948
-0.063501835,1.0635018,Train13
2.5403652,-1.5403653,Train3555
-1.6049356,2.6049356,Train10330
-0.29800105,1.298001,Train16391
0.51719844,0.4828016,Train2485
-2.8101506,3.8101506,Train9048
-1.8459606,2.8459606,Train2439
-0.45996463,1.4599646,Train15207
0.03512907,0.9648709,Train14877
-4.6946754,5.6946754,Train13789
-2.3806047,3.3806047,Train14986
-3.3132915,4.3132915,Train11916
-4.6586533,5.6586533,Train22231
-3.7973838,4.797384,Train12539
-0.9598696,1.9598696,Train25272
-0.6609336,1.6609336,Train4589
0.24537194,0.75462806,Train24143
-3.4679604,4.4679604,Train7252
0.2702211,0.7297789,Train1631
-4.3545866,5.3545866,Train8046
0.19528794,0.80471206,Train16286
0.91734755,0.082652435,Train856
-1.1699667,2.1699667,Train23817
-4.4959826,5.4959826,Train11547
-1.7439296,2.7439296,Train2023
-1.2710102,2.2710102,Train8531
-1.1577878,2.1577878,Train21137
-4.1490602,5.1490602,Train13245
-1.9318311,2.9318311,Train20799
1.5918028,-0.5918028,Train1934
1.1806258,-0.1806258,Train2803
0.16811252,0.8318875,Train1829
-1.4775841,2.4775841,Train17522
0.31497663,0.68502337,Train23628
-1.9669383,2.9669383,Train16807
-2.0386295,3.0386295,Train1955
0.36127734,0.63872266,Train2027
0.024801135,0.97519886,Train920
-5.261288,6.261288,Train21819
-4.4770007,5.4770007,Train12532
0.2761984,0.7238016,Train4180
-0.052060127,1.0520601,Train1568
0.13753396,0.86246604,Train8938
-0.65207565,1.6520756,Train7248
0.83456856,0.16543144,Train2693
1.4947699,-0.4947699,Train3026
-0.8609147,1.8609147,Train3124
-1.747716,2.747716,Train16484
-3.7203317,4.7203317,Train7009
-3.0217705,4.0217705,Train22854
0.98082066,0.01917934,Train1296
-2.5088341,3.5088341,Train15471
-1.141165,2.141165,Train17254
-4.0462093,5.0462093,Train15855
-0.4816711,1.4816711,Train7824
2.7961836,-1.7961837,Train4444
-2.568697,3.568697,Train12519
-4.653545,5.653545,Train14708
0.21165502,0.788345,Train115
-1.6421843,2.6421843,Train15755
-2.8745718,3.8745718,Train16618
-0.08545685,1.0854568,Train1812
-4.0287566,5.0287566,Train23716
-1.8645205,2.8645205,Train3805
-1.2672443,2.2672443,Train3630
-0.9790536,1.9790536,Train11217
1.3678181,-0.36781812,Train18724
0.07190925,0.92809075,Train4268
-4.0573573,5.0573573,Train17005
-2.7000635,3.7000635,Train19274
-1.5795312,2.5795312,Train16741
-2.6046622,3.6046622,Train22831
-1.8961489,2.896149,Train7584
-4.844577,5.844577,Train4668
-1.221673,2.221673,Train16133
0.08831006,0.91168994,Train3863
-0.83971953,1.8397195,Train24368
-0.1140933,1.1140933,Train16931
4.4011745,-3.4011745,Train3406
-1.4848378,2.4848378,Train1918
-0.33793914,1.3379391,Train10075
1.9873902,-0.98739016,Train9
-2.7379155,3.7379155,Train15152
-0.94747007,1.9474701,Train20121
0.6113074,0.38869265,Train6723
-2.120192,3.120192,Train23842
-4.451318,5.451318,Train13848
-0.7076385,1.7076385,Train6579
-0.76004696,1.760047,Train2258
-1.395365,2.395365,Train23710
-3.0335817,4.0335817,Train21011
-2.018049,3.018049,Train10191
-4.2171493,5.2171493,Train13772
-0.9275944,1.9275944,Train25829
-3.0995693,4.0995693,Train22841
-1.4745076,2.4745076,Train20239
-2.665962,3.665962,Train7956
-3.665039,4.665039,Train7991
3.0796719,-2.0796719,Train3569
-4.6846504,5.6846504,Train7135
-4.884841,5.884841,Train13938
-2.6610513,3.6610513,Train17467
0.7115375,0.2884625,Train9543
1.6886077,-0.6886077,Train1709
1.9012887,-0.9012887,Train24493
-4.3398633,5.3398633,Train4662
-0.8052635,1.8052635,Train7125
-1.2597852,2.2597852,Train7909
-1.7403541,2.740354,Train7615
3.6873746,-2.6873746,Train3510
-3.939196,4.939196,Train7016
-1.6361449,2.6361449,Train10248
-5.292017,6.292017,Train12743
-3.8913727,4.8913727,Train18363
-2.6449842,3.6449842,Train23164
-2.4237552,3.4237552,Train25365
-3.3178859,4.317886,Train25138
0.23063034,0.76936966,Train7916
-4.5661917,5.5661917,Train14156
0.5196532,0.4803468,Train4987
-1.8302386,2.8302386,Train10997
-1.966636,2.966636,Train7502
-2.1994827,3.1994827,Train4213
0.7123539,0.2876461,Train2699
0.8650094,0.1349906,Train2572
-2.3462324,3.3462324,Train18914
2.6412086,-1.6412085,Train2631
2.4717546,-1.4717547,Train1334
-3.9699755,4.9699755,Train7883
-0.13273728,1.1327373,Train859
0.12916023,0.8708398,Train9210
-1.0115323,2.0115323,Train19347
-2.6861405,3.6861405,Train4724
-4.8257084,5.8257084,Train11465
-1.9715197,2.9715197,Train17979
1.2160027,-0.2160027,Train18423
2.3136353,-1.3136353,Train4660
2.099678,-1.099678,Train4441
0.1006366,0.8993634,Train15960
-5.3981295,6.3981295,Train14268
2.092204,-1.0922041,Train3334
-5.313946,6.313946,Train7182
-3.370502,4.370502,Train13682
0.7970528,0.2029472,Train7990
-1.1597116,2.1597116,Train8038
-0.64994335,1.6499434,Train4430
0.13820052,0.8617995,Train1003
-3.547865,4.547865,Train24739
-0.17078292,1.1707829,Train2437
-2.3674927,3.3674927,Train22930
2.3360527,-1.3360527,Train2091
-2.1303673,3.1303673,Train20140
-3.0699115,4.0699115,Train19667
-0.11308384,1.1130838,Train17533
1.3348143,-0.33481428,Train15224
0.0267331,0.9732669,Train8850
-2.0434425,3.0434425,Train5921
1.3009058,-0.30090582,Train93
0.15501368,0.8449863,Train17506
1.6213723,-0.62137234,Train18575
-2.6549406,3.6549406,Train14798
3.1898668,-2.1898668,Train2477
-2.1919563,3.1919563,Train22631
1.3650484,-0.36504847,Train19122
-1.5547168,2.5547168,Train15771
-1.6147377,2.6147377,Train11185
2.5048409,-1.504841,Train2512
0.13221246,0.86778754,Train2989
-0.26914322,1.2691432,Train4576
-0.5129702,1.5129702,Train8078
-0.81008255,1.8100826,Train16251
-2.789918,3.789918,Train23878
-3.1228642,4.1228642,Train19386
-2.7133923,3.7133923,Train8317
-4.7301507,5.7301507,Train12710
-1.8949711,2.8949711,Train10980
-0.6064029,1.6064029,Train9519
-0.9815792,1.9815792,Train15236
-0.9374145,1.9374145,Train23749
0.5598513,0.44014868,Train753
-4.908519,5.908519,Train22301
-4.5848036,5.5848036,Train12096
-0.21962452,1.2196245,Train854
2.9089205,-1.9089205,Train469
-0.16152358,1.1615236,Train3600
-3.3632884,4.3632884,Train21748
0.7909751,0.20902492,Train11347
-2.7268329,3.7268329,Train12760
-5.4593263,6.4593263,Train13977
1.4523003,-0.45230037,Train5945
-4.1615987,5.1615987,Train12007
-4.3036656,5.3036656,Train13628
-2.2094789,3.2094789,Train12216
1.2578676,-0.25786752,Train4741
-0.23856723,1.2385672,Train4538
1.403837,-0.403837,Train25509
-2.932344,3.932344,Train16222
-3.7303133,4.7303133,Train7117
-0.9976196,1.9976196,Train17512
-3.527369,4.527369,Train14983
0.455424,0.544576,Train3803
-3.957111,4.957111,Train8051
-1.3127079,2.312708,Train7459
1.1508055,-0.15080553,Train20745
-1.2857847,2.2857847,Train18373
0.96153724,0.03846278,Train625
-1.5848689,2.584869,Train3010
-1.1990979,2.1990979,Train4411
1.1751149,-0.17511484,Train1771
0.42481464,0.57518536,Train11151
-4.941359,5.941359,Train14098
-1.137768,2.137768,Train16008
-2.1333532,3.1333532,Train17573
-2.0731823,3.0731823,Train24153
-2.7230752,3.7230752,Train7955
-3.2822056,4.2822056,Train7246
-4.7694964,5.7694964,Train22889
-1.5917425,2.5917425,Train11094
-4.6726108,5.6726108,Train6994
-0.19327891,1.1932789,Train2076
-0.24981892,1.2498189,Train2044
-1.9985256,2.9985256,Train25296
-4.2369404,5.2369404,Train22406
1.0747736,-0.07477357,Train8933
-2.0240855,3.0240855,Train5811
1.0669727,-0.06697276,Train10067
1.6552651,-0.65526503,Train379
-2.225448,3.225448,Train16244
-1.8505201,2.8505201,Train4649
-2.8095734,3.8095734,Train11953
0.39746392,0.6025361,Train438
-4.491032,5.491032,Train14626
-1.5100172,2.5100172,Train7617
-1.5257068,2.5257068,Train23173
-3.314447,4.314447,Train15187
1.2673613,-0.2673613,Train2066
-0.7861022,1.7861022,Train9023
1.1844642,-0.18446428,Train8134
2.935035,-1.935035,Train3409
0.79908603,0.20091395,Train8852
0.10609335,0.89390665,Train6761
-2.4330654,3.4330654,Train8853
1.6039714,-0.60397136,Train2658
-4.760706,5.760706,Train24984
-2.7028701,3.7028701,Train20157
-0.37799525,1.3779953,Train24428
-1.5196874,2.5196874,Train18917
-1.7827902,2.7827902,Train9872
-2.6768606,3.6768606,Train14304
-4.3892,5.3892,Train13862
1.4268926,-0.42689264,Train4285
1.4206284,-0.4206284,Train1357
-1.7889221,2.788922,Train15335
-3.5932665,4.5932665,Train11584
-0.9630538,1.9630538,Train16738
-2.2027662,3.2027662,Train14899
-3.0513072,4.051307,Train24114
-4.494433,5.494433,Train12594
2.8921862,-1.8921863,Train3194
1.7448738,-0.7448738,Train8126
-2.7875113,3.7875113,Train9040
-0.096334815,1.0963348,Train18023
-2.6045592,3.6045592,Train14711
-2.1481843,3.1481843,Train4715
-1.1612365,2.1612365,Train24449
-4.7135196,5.7135196,Train11903
-0.1256342,1.1256342,Train8658
-4.797143,5.797143,Train22804
-1.8988087,2.8988087,Train20547
3.287576,-2.287576,Train3182
-4.139877,5.139877,Train25136
-2.6669316,3.6669316,Train9666
-3.410997,4.410997,Train21640
-4.807765,5.807765,Train14227
-1.2200863,2.2200863,Train16416
-1.8135705,2.8135705,Train7362
1.2290301,-0.22903016,Train2582
-1.103883,2.103883,Train17985
-3.7127485,4.7127485,Train14160
-3.5244842,4.524484,Train25594
-1.3421278,2.3421278,Train2543
-1.0362625,2.0362625,Train4898
-4.412246,5.412246,Train14429
2.8251214,-1.8251213,Train3305
-0.7892139,1.7892139,Train13925
-1.1967487,2.1967487,Train4886
-3.9993176,4.9993176,Train7124
-2.1241138,3.1241138,Train17800
-5.851181,6.851181,Train11859
2.8737023,-1.8737023,Train2833
-0.022326708,1.0223267,Train23275
0.12758929,0.8724107,Train8894
-4.1662507,5.1662507,Train7974
-4.2292624,5.2292624,Train13855
-2.4682972,3.4682972,Train9773
-1.8478966,2.8478966,Train18744
-4.332736,5.332736,Train7474
-1.2202351,2.220235,Train4705
-3.256888,4.256888,Train13339
-4.6697865,5.6697865,Train23914
-5.8307867,6.8307867,Train12842
-1.0412629,2.0412629,Train5558
-5.023681,6.023681,Train21923
-1.3917546,2.3917546,Train16115
-1.7898355,2.7898355,Train16936
-0.010585189,1.0105852,Train23899
-2.7860286,3.7860286,Train16364
-1.9018438,2.9018438,Train3057
-3.6117773,4.6117773,Train24734
-2.2484634,3.2484634,Train5251
-0.58645403,1.586454,Train25246
2.6571436,-1.6571435,Train1147
-4.655719,5.655719,Train22953
-2.62622,3.62622,Train7871
0.7553134,0.2446866,Train1835
0.9615581,0.038441926,Train8461
-3.4161296,4.4161296,Train20892
-2.4381468,3.4381468,Train20557
-0.9308723,1.9308723,Train3175
-2.485606,3.485606,Train11422
-0.17065,1.17065,Train3300
1.2199408,-0.21994077,Train24357
0.22157508,0.7784249,Train7845
-0.29622102,1.296221,Train15975
-1.7528758,2.7528758,Train18884
1.9388409,-0.93884087,Train3571
-3.9766278,4.976628,Train17932
0.7770448,0.22295523,Train5468
-0.22965813,1.2296581,Train12258
-3.894014,4.894014,Train23002
-2.6187754,3.6187754,Train4921
0.31470674,0.68529326,Train6077
-1.5908833,2.5908833,Train9258
-1.5678883,2.5678883,Train20174
-4.9194126,5.9194126,Train12764
1.2717727,-0.27177277,Train626
-5.457816,6.457816,Train13036
-2.7386642,3.7386642,Train16366
-1.066215,2.066215,Train25795
-1.641787,2.641787,Train11416
2.7435036,-1.7435036,Train2882
-4.05931,5.05931,Train7552
-2.4800997,3.4800997,Train4730
-4.9396534,5.9396534,Train22490
-2.43627,3.43627,Train17897
-3.7229395,4.7229395,Train25137
0.22757173,0.7724283,Train8809
-0.10742581,1.1074258,Train3760
2.1796737,-1.1796737,Train3070
0.44962943,0.5503706,Train7812
0.0934028,0.9065972,Train2957
-4.210031,5.210031,Train11479
-0.42840242,1.4284024,Train15457
2.409092,-1.4090921,Train14700
-0.5196121,1.5196121,Train9902
0.80754775,0.19245224,Train3738
-5.082281,6.082281,Train11700
-3.8096466,4.8096466,Train22209
0.39515334,0.60484666,Train9798
-1.2013316,2.2013316,Train9532
-4.419111,5.419111,Train7546
0.090180695,0.9098193,Train18756
-2.7536902,3.7536902,Train24897
1.6778942,-0.67789423,Train1156
2.8878608,-1.8878607,Train763
-1.0177369,2.017737,Train2590
-1.7363963,2.7363963,Train16409
-2.2184222,3.2184222,Train25793
-2.9609542,3.9609542,Train25207
-1.3348346,2.3348346,Train18193
-1.7558382,2.7558382,Train15146
-1.484179,2.484179,Train21246
-0.20228887,1.2022889,Train18183
0.53192735,0.46807268,Train515
0.970617,0.029382981,Train583
-2.0039551,3.0039551,Train17580
-1.519464,2.519464,Train7398
-0.8954965,1.8954965,Train8315
-0.38763034,1.3876303,Train6483
-1.3431904,2.3431904,Train14872
1.547838,-0.54783803,Train20038
-0.26622498,1.266225,Train18470
0.8196867,0.18031329,Train3818
-1.8742001,2.8742,Train94
1.1349056,-0.13490559,Train3310
-4.720452,5.720452,Train24615
-0.13700104,1.137001,Train1158
0.07665658,0.9233434,Train14950
-1.9782109,2.978211,Train12111
-2.7851655,3.7851655,Train13785
1.3361766,-0.3361766,Train1095
-0.4727435,1.4727435,Train15639
-1.6180341,2.6180341,Train25268
0.1243549,0.8756451,Train6387
-0.47805858,1.4780586,Train18614
-1.6563776,2.6563776,Train19562
0.15873027,0.84126973,Train2232
-0.29595315,1.2959532,Train15801
1.2477043,-0.24770428,Train9836
-3.9803529,4.980353,Train7329
-1.804358,2.804358,Train25590
-2.0407922,3.0407922,Train25270
1.4390855,-0.43908554,Train3022
0.92492414,0.07507585,Train2606
-0.28458726,1.2845873,Train4329
-2.8928318,3.8928318,Train24657
-3.3157382,4.315738,Train7879
1.548192,-0.548192,Train2335
-2.43506,3.43506,Train7315
-1.3134301,2.31343,Train10863
-4.445284,5.445284,Train21789
-4.64201,5.64201,Train12448
3.9859385,-2.9859385,Train3296
-1.2925484,2.2925484,Train17034
-0.11864591,1.1186459,Train16393
-2.6648211,3.6648211,Train14730
-0.5308409,1.5308409,Train9072
-0.61933076,1.6193308,Train11194
-1.152075,2.152075,Train10723
-2.6510086,3.6510086,Train4897
0.62666976,0.37333024,Train559
-0.24167359,1.2416736,Train6815
-1.3653808,2.3653808,Train6562
-4.3861275,5.3861275,Train12282
0.9838575,0.016142484,Train2459
-2.2701118,3.2701118,Train24557
-4.741814,5.741814,Train14393
-4.0085664,5.0085664,Train12714
-3.4669695,4.4669695,Train22844
-1.6549277,2.6549277,Train18352
2.3308892,-1.3308893,Train3579
0.775011,0.224989,Train811
0.5239228,0.47607723,Train701
3.1241913,-2.1241913,Train2694
0.74220794,0.25779206,Train16346
-1.4251628,2.4251628,Train15086
-0.72750723,1.7275072,Train8534
-4.1168995,5.1168995,Train12265
-2.0516596,3.0516596,Train20635
0.26649046,0.73350954,Train6805
-1.2708914,2.2708914,Train6939
-1.2445939,2.2445939,Train23853
-4.321536,5.321536,Train21776
1.3909907,-0.39099073,Train2763
-0.07691443,1.0769144,Train3240
1.4140911,-0.4140911,Train10543
1.432441,-0.43244103,Train2760
-0.54441607,1.5444161,Train23311
-1.4861436,2.4861436,Train7392
-2.9933693,3.9933693,Train16901
-0.45707786,1.4570779,Train3655
-4.306243,5.306243,Train13351
-0.88915515,1.8891551,Train6814
-3.5920987,4.5920987,Train13356
-3.016573,4.016573,Train4674
2.0571773,-1.0571773,Train4177
-2.5463114,3.5463114,Train7652
-5.5425067,6.5425067,Train7680
-4.457082,5.457082,Train12044
-3.1952543,4.1952543,Train20939
1.2904903,-0.29049024,Train25419
-3.3980951,4.398095,Train14116
-1.311641,2.311641,Train15474
-3.447764,4.447764,Train16543
-2.9177396,3.9177396,Train11720
0.8447087,0.15529129,Train5800
-3.1830587,4.1830587,Train19648
1.0530713,-0.053071216,Train1632
0.30526048,0.6947395,Train16829
-1.137058,2.137058,Train16897
-3.0407453,4.0407453,Train19653
0.8691342,0.1308658,Train18557
-1.8556395,2.8556395,Train20399
-3.7534375,4.7534375,Train4967
0.995834,0.004165992,Train1825
1.1523696,-0.15236965,Train440
-0.11240029,1.1124003,Train1386
-4.1137657,5.1137657,Train4853
0.294258,0.705742,Train2704
-0.6729537,1.6729537,Train6298
0.6808615,0.31913853,Train3460
-2.9941807,3.9941807,Train11468
0.64637685,0.35362315,Train6413
-5.6822834,6.6822834,Train22350
-3.8032565,4.8032565,Train14808
-2.2146537,3.2146537,Train17951
-0.27828693,1.2782869,Train5333
-2.1181884,3.1181884,Train15775
-3.8475666,4.8475666,Train7619
0.072283626,0.9277164,Train2417
-4.4351473,5.4351473,Train22865
-4.3637586,5.3637586,Train143
-1.5781322,2.5781322,Train7922
1.0025357,-0.0025357085,Train2577
-0.3524127,1.3524127,Train7141
0.062478602,0.9375214,Train4351
-0.66247,1.66247,Train24104
-0.5840025,1.5840025,Train8325
-4.838179,5.838179,Train7673
2.2045639,-1.2045639,Train2014
0.28328335,0.71671665,Train7443
-1.4411361,2.4411361,Train6952
-3.412437,4.412437,Train20295
-0.72135615,1.7213562,Train7471
-2.5216668,3.5216668,Train24123
1.0736879,-0.0736879,Train8215
-0.76637936,1.7663794,Train1195
2.7329197,-1.7329197,Train197
2.00045,-1.0004499,Train10424
-2.9974482,3.9974482,Train13754
-0.80666196,1.806662,Train4698
-1.6081522,2.6081522,Train20253
0.82315004,0.17684999,Train2594
-0.4606992,1.4606992,Train24374
-4.5448503,5.5448503,Train25105
-0.7742485,1.7742485,Train12900
1.0721399,-0.07213983,Train7518
-2.9024763,3.9024763,Train14537
-4.490403,5.490403,Train12013
-0.531376,1.531376,Train292
3.4728456,-2.4728456,Train1498
-4.0369983,5.0369983,Train7079
1.1153994,-0.115399316,Train1373
-1.7191133,2.7191133,Train5677
1.1493585,-0.14935856,Train17488
-4.399257,5.399257,Train22126
-2.544512,3.544512,Train18153
-2.8839855,3.8839855,Train7198
-1.4716122,2.4716122,Train1527
0.69161624,0.30838376,Train2486
-4.848119,5.848119,Train14547
0.2674793,0.7325207,Train4364
2.7111158,-1.7111157,Train5124
0.8604735,0.13952652,Train5218
-4.853167,5.853167,Train21805
-0.53543043,1.5354304,Train504
-3.0447927,4.0447927,Train20627
1.2414333,-0.24143326,Train347
-0.66883075,1.6688308,Train2151
1.032258,-0.032258034,Train3563
-2.078223,3.078223,Train6270
-5.061472,6.061472,Train21705
-1.3056796,2.3056796,Train23220
-2.041393,3.041393,Train7491
-0.1479286,1.1479286,Train5866
-5.0864077,6.0864077,Train7508
-0.21995032,1.2199503,Train1606
3.1815891,-2.1815891,Train16288
-2.068599,3.068599,Train20850
2.8210497,-1.8210498,Train2589
-2.2116432,3.2116432,Train25416
-5.0070586,6.0070586,Train11483
0.8050184,0.19498158,Train2879
-3.0754895,4.0754895,Train16449
-2.194719,3.194719,Train1282
-0.60029125,1.6002913,Train18260
0.06302208,0.9369779,Train593
-0.902648,1.902648,Train21243
-1.6209865,2.6209865,Train23581
-4.207897,5.207897,Train23907
2.846095,-1.8460952,Train21628
-1.3474789,2.3474789,Train20163
-3.9712615,4.9712615,Train22888
4.5212097,-3.52121,Train157
-3.682869,4.682869,Train16262
-0.53022146,1.5302215,Train2903
-3.7564821,4.756482,Train4937
-4.732848,5.732848,Train21857
-3.7726703,4.7726703,Train4969
-3.0484939,4.048494,Train4820
-1.316119,2.316119,Train21186
-1.5755918,2.5755918,Train17879
-1.0836766,2.0836766,Train19262
-2.3877964,3.3877964,Train23891
-4.815628,5.815628,Train12753
-1.5414588,2.5414588,Train15964
-1.5014012,2.5014012,Train17313
-1.0329435,2.0329435,Train15652
2.3330219,-1.3330219,Train2962
2.0708995,-1.0708994,Train491
2.5853293,-1.5853293,Train3177
-1.7932096,2.7932096,Train14868
-1.165909,2.165909,Train5539
-1.588367,2.588367,Train15428
-3.567258,4.567258,Train21558
-2.017422,3.017422,Train5589
-3.6879702,4.68797,Train22952
-4.32843,5.32843,Train11891
-3.9236689,4.923669,Train7144
-2.840686,3.840686,Train17972
-2.2022676,3.2022676,Train20599
-1.4409721,2.440972,Train2035
-0.18548787,1.1854879,Train67
1.2932159,-0.29321587,Train1488
-3.3013911,4.301391,Train13744
1.1075697,-0.10756965,Train564
-3.1579132,4.157913,Train23816
0.04237789,0.9576221,Train19971
2.010037,-1.0100371,Train24236
-1.4500389,2.450039,Train14521
-2.8397017,3.8397017,Train19172
1.0515184,-0.051518407,Train5147
-0.5809958,1.5809958,Train8146
-3.2556677,4.2556677,Train4770
0.5228386,0.4771614,Train5707
-4.2962446,5.2962446,Train22280
-3.3417063,4.3417063,Train18119
1.6194171,-0.6194171,Train1311
-3.7058349,4.705835,Train21687
-1.771347,2.771347,Train20361
-2.2589133,3.2589133,Train4869
-4.5594325,5.5594325,Train7461
2.1133208,-1.1133208,Train3066
-2.351928,3.351928,Train24229
0.29776508,0.7022349,Train8688
-3.4821029,4.482103,Train15126
-0.46839666,1.4683967,Train24395
0.6958782,0.3041218,Train2353
1.4991233,-0.4991233,Train2169
-3.4015994,4.4015994,Train13721
0.82632065,0.17367934,Train1686
-3.3532395,4.3532395,Train19996
-0.34496105,1.344961,Train9542
-1.0827789,2.082779,Train16392
-4.4387827,5.4387827,Train13056
0.15778363,0.8422164,Train15171
-0.56021583,1.5602158,Train96
1.8644037,-0.8644038,Train4454
-3.1378179,4.137818,Train19310
-3.497631,4.497631,Train13880
2.8129604,-1.8129604,Train2106
-3.5629292,4.562929,Train14320
3.1186411,-2.1186411,Train3392
-2.5312977,3.5312977,Train21457
0.23862708,0.7613729,Train3941
-3.9127574,4.9127574,Train7557
-1.7351935,2.7351935,Train19919
-1.0873199,2.0873199,Train16016
-1.317903,2.317903,Train10355
-3.1107683,4.1107683,Train7534
-2.6571631,3.6571631,Train10483
-3.3936963,4.3936963,Train12759
-0.8578744,1.8578744,Train4397
-1.1270792,2.1270792,Train9019
-4.8005753,5.8005753,Train25026
2.2621965,-1.2621967,Train774
-0.5232414,1.5232414,Train1765
-1.1439726,2.1439726,Train1325
-0.959144,1.959144,Train18160
-0.95392656,1.9539266,Train18597
-4.16239,5.16239,Train11484
-4.9097624,5.9097624,Train11540
0.7433597,0.25664032,Train451
-4.2739663,5.2739663,Train12862
-3.685645,4.685645,Train21402
-3.6344995,4.6344995,Train21173
0.69031096,0.30968904,Train486
1.2376413,-0.2376413,Train2644
1.0732441,-0.073244125,Train2909
-1.753133,2.753133,Train25547
-3.2405634,4.2405634,Train16153
-2.1469955,3.1469955,Train7110
-3.8048968,4.804897,Train22674
-0.03642106,1.0364211,Train9520
-1.9029179,2.9029179,Train16574
-1.5416291,2.541629,Train4302
-0.27170682,1.2717068,Train23154
-1.2787426,2.2787426,Train16763
-0.5339378,1.5339378,Train14672
-0.39157128,1.3915713,Train5721
-3.5482144,4.5482144,Train21017
-0.67908823,1.6790882,Train424
-0.28256023,1.2825602,Train16645
1.0452019,-0.04520194,Train1935
0.38572145,0.61427855,Train15962
-0.1001308,1.1001308,Train25233
-4.741922,5.741922,Train7568
-1.7986298,2.7986298,Train25457
-1.3344634,2.3344634,Train15035
-0.6180043,1.6180043,Train1435
-1.1869118,2.1869118,Train16120
2.690702,-1.690702,Train21517
-2.4964237,3.4964237,Train3683
-2.1461184,3.1461184,Train9241
0.40808666,0.59191334,Train1161
-2.827025,3.827025,Train16352
1.5837725,-0.58377254,Train3257
-3.5971327,4.5971327,Train23191
-0.25428736,1.2542874,Train15835
-1.1936238,2.1936238,Train18121
-0.40918958,1.4091896,Train2596
-3.4790192,4.479019,Train12122
2.8974829,-1.8974829,Train3271
-2.6930218,3.6930218,Train7889
-2.669452,3.669452,Train18270
-2.9753296,3.9753296,Train21710
0.43850946,0.56149054,Train14925
-0.21816778,1.2181678,Train3032
1.9973714,-0.9973714,Train2981
-4.8360543,5.8360543,Train14463
-2.868912,3.868912,Train6892
-4.1804547,5.1804547,Train22713
0.047976315,0.9520237,Train9152
-0.55372345,1.5537235,Train76
-4.54638,5.54638,Train21811
-2.9524865,3.9524865,Train125
-2.345462,3.345462,Train19944
-3.2083664,4.2083664,Train4669
-3.503799,4.503799,Train19555
-0.13345575,1.1334558,Train7517
-0.38392544,1.3839254,Train2546
-0.9445343,1.9445343,Train14668
-2.0088367,3.0088367,Train1945
-4.598498,5.598498,Train13953
0.92012626,0.07987375,Train745
-2.9049268,3.9049268,Train16363
-0.7510874,1.7510874,Train5616
-2.222899,3.222899,Train15215
-2.632799,3.632799,Train8529
-0.88887227,1.8888723,Train8335
-1.4768076,2.4768076,Train14627
-0.92705226,1.9270523,Train17285
-3.5960026,4.5960026,Train14488
1.298639,-0.29863903,Train3138
-3.2816448,4.281645,Train16893
2.5233278,-1.5233277,Train3320
-3.1741028,4.174103,Train10478
-0.5672461,1.5672461,Train6061
1.2654499,-0.2654499,Train4008
-5.173403,6.173403,Train21741
1.7674549,-0.7674548,Train2573
0.18532449,0.8146755,Train3996
0.14543414,0.85456586,Train1160
-0.8714194,1.8714194,Train14597
0.40498948,0.5950105,Train5060
-2.1885567,3.1885567,Train13919
-0.36018956,1.3601896,Train1114
-4.05084,5.05084,Train24705
1.683511,-0.6835111,Train190
-3.1016026,4.1016026,Train8036
-1.5081451,2.508145,Train15178
0.97080386,0.029196149,Train1153
-1.0555191,2.055519,Train2783
-1.5898917,2.5898917,Train81
-3.0203881,4.020388,Train15763
-1.4468632,2.4468632,Train19612
-3.6276727,4.6276727,Train23192
-0.713531,1.713531,Train4303
-1.5314817,2.5314817,Train15663
0.097673595,0.9023264,Train8053
0.5928767,0.4071233,Train1502
-2.4527872,3.4527872,Train4805
2.049934,-1.0499339,Train3619
-0.7559669,1.7559669,Train16600
-2.2637887,3.2637887,Train20664
-3.3833122,4.383312,Train12393
-3.1370487,4.1370487,Train22943
-0.11301041,1.1130104,Train2312
-2.820307,3.820307,Train12697
-2.3223565,3.3223565,Train25572
-0.25854743,1.2585474,Train17113
-2.048481,3.048481,Train15413
2.1912289,-1.191229,Train969
-4.5241694,5.5241694,Train21842
1.4040941,-0.4040941,Train4281
1.8841172,-0.88411725,Train738
1.1990347,-0.19903463,Train6990
-0.6859473,1.6859473,Train14954
-4.762568,5.762568,Train12061
-2.0650525,3.0650525,Train20025
0.11755729,0.8824427,Train1494
1.0688866,-0.06888662,Train1536
0.80156916,0.19843084,Train916
0.4977398,0.5022602,Train15032
-0.41467953,1.4146795,Train2929
2.3822029,-1.3822029,Train2666
-3.6826997,4.6826997,Train14981
-0.27141356,1.2714136,Train2985
-4.526279,5.526279,Train24587
3.5188031,-2.5188031,Train382
0.8060797,0.19392033,Train1436
-2.7413845,3.7413845,Train8414
2.5680048,-1.5680048,Train3395
-1.6272488,2.6272488,Train14710
0.7442641,0.2557359,Train18146
-1.8386784,2.8386784,Train16649
-2.5594726,3.5594726,Train22969
1.3297194,-0.32971945,Train4083
-4.743465,5.743465,Train12794
-1.1695063,2.1695063,Train23872
-0.35159242,1.3515924,Train975
-2.6203942,3.6203942,Train18135
-3.3188286,4.3188286,Train18355
-4.9370112,5.9370112,Train21886
-3.5727353,4.5727353,Train18530
-0.81457126,1.8145713,Train9138
1.1086957,-0.1086958,Train12
-1.9234986,2.9234986,Train7884
0.19547868,0.8045213,Train820
2.0287895,-1.0287896,Train165
1.1084294,-0.1084294,Train6321
-2.590518,3.590518,Train15774
0.121932805,0.8780672,Train15408
0.20677227,0.79322773,Train4768
-1.4459414,2.4459414,Train23733
0.5618552,0.4381448,Train15820
0.3901189,0.6098811,Train16026
-5.2472486,6.2472486,Train6863
-0.4253887,1.4253887,Train6419
0.6234615,0.37653854,Train15002
-0.15913355,1.1591336,Train2608
-5.277101,6.277101,Train22400
-0.31882071,1.3188207,Train18460
-2.1030526,3.1030526,Train15802
1.3458909,-0.34589085,Train3281
2.7200365,-1.7200365,Train403
-1.5646844,2.5646844,Train14780
1.1131823,-0.113182284,Train1623
-0.048600078,1.0486001,Train10954
-0.030922532,1.0309225,Train4261
-1.4727712,2.4727712,Train7409
-0.96476483,1.9647648,Train16533
-4.4500732,5.4500732,Train13933
1.1838948,-0.18389478,Train6244
0.51111454,0.48888546,Train16186
-3.082415,4.082415,Train20793
-4.1146245,5.1146245,Train7069
-1.6231987,2.6231987,Train24118
1.0607893,-0.060789317,Train1457
1.6149971,-0.6149972,Train6259
0.06937337,0.93062663,Train15150
-0.30753267,1.3075327,Train21208
-1.6585996,2.6585996,Train17040
-0.4731747,1.4731747,Train17297
-2.834707,3.834707,Train24583
0.7417935,0.25820652,Train652
-3.1839314,4.1839314,Train17154
-3.2800364,4.2800364,Train1972
0.6356833,0.3643167,Train8253
-1.6107216,2.6107216,Train7193
-2.212473,3.212473,Train15231
0.12787294,0.87212706,Train18616
0.1638872,0.8361128,Train18754
-2.5453367,3.5453367,Train17707
-4.9965053,5.9965053,Train21852
1.7620127,-0.7620127,Train3254
-4.3579783,5.3579783,Train7588
-1.8710401,2.87104,Train13902
-1.0143392,2.0143392,Train135
3.2780402,-2.2780402,Train2936
0.12972826,0.87027174,Train7869
0.24869382,0.7513062,Train4368
1.3720226,-0.37202257,Train5383
1.9093275,-0.90932757,Train2181
-1.7663865,2.7663865,Train6421
-0.49352372,1.4935237,Train478
-4.858753,5.858753,Train21815
0.7164537,0.2835463,Train15359
-0.09538448,1.0953845,Train8199
-1.6434724,2.6434724,Train18090
2.5757856,-1.5757858,Train500
-0.35104144,1.3510414,Train6577
-1.1061535,2.1061535,Train15909
-5.1748805,6.1748805,Train13273
-1.8697984,2.8697984,Train18509
0.35251456,0.64748544,Train5063
-0.41755843,1.4175584,Train19060
-1.9917035,2.9917035,Train16245
-1.5294924,2.5294924,Train18679
1.7395587,-0.73955864,Train1322
-3.6974487,4.6974487,Train22944
-3.1310258,4.131026,Train8015
-4.331622,5.331622,Train7348
-3.515048,4.515048,Train22835
0.7364873,0.26351267,Train16099
0.3422984,0.6577016,Train1997
1.3496677,-0.3496677,Train1046
1.8323965,-0.83239657,Train922
0.118239045,0.88176095,Train7809
-4.939098,5.939098,Train12593
-4.7277203,5.7277203,Train13019
1.1969497,-0.19694972,Train6717
-2.8340042,3.8340042,Train7627
-1.3187361,2.318736,Train8467
-1.7071896,2.7071896,Train16184
-2.7401283,3.7401283,Train17422
0.6551566,0.3448434,Train3379
-5.1442947,6.1442947,Train22136
-0.61255777,1.6125578,Train23809
-1.1453228,2.1453228,Train509
-4.485694,5.485694,Train25148
-0.07456565,1.0745656,Train3761
-1.8475187,2.8475187,Train24649
0.7891176,0.21088244,Train15372
-3.296712,4.296712,Train4792
-0.16758966,1.1675897,Train2122
1.5055552,-0.5055551,Train9493
0.34244186,0.65755814,Train3181
-2.411653,3.411653,Train18665
-1.1228685,2.1228685,Train25397
0.9246245,0.075375505,Train758
-0.5814165,1.5814165,Train15326
0.6696961,0.33030394,Train25287
3.808575,-2.808575,Train3410
1.6723101,-0.6723102,Train15573
-2.2238564,3.2238564,Train8989
-2.2047975,3.2047975,Train6981
-3.0799613,4.0799613,Train18603
-1.8621521,2.862152,Train24199
0.80236953,0.19763045,Train14742
-4.4755354,5.4755354,Train11701
-3.4057283,4.4057283,Train12093
-1.6698604,2.6698604,Train13653
-0.38023043,1.3802304,Train15893
0.11928105,0.88071895,Train5506
-3.8236952,4.823695,Train14301
-0.49322164,1.4932216,Train3720
0.86821914,0.13178083,Train3658
-0.43423772,1.4342377,Train7145
-3.9837575,4.9837575,Train7524
-2.4871552,3.4871552,Train13221
0.18244326,0.81755674,Train6667
-4.136224,5.136224,Train24665
-1.9989653,2.9989653,Train7408
-2.9017937,3.9017937,Train14171
-5.1350536,6.1350536,Train12683
-1.5147603,2.5147603,Train15767
0.48141325,0.51858675,Train15220
1.6715125,-0.6715125,Train1136
-5.16201,6.16201,Train22528
-0.041061282,1.0410613,Train2867
-0.8949456,1.8949456,Train23720
-0.550264,1.550264,Train2368
-2.0215073,3.0215073,Train14444
-1.6244962,2.6244962,Train25237
-5.029323,6.029323,Train12107
3.1551247,-2.1551247,Train2396
-3.93394,4.93394,Train21807
-1.2032762,2.2032762,Train18537
1.9658325,-0.96583253,Train3145
-0.60461533,1.6046153,Train25892
-3.458416,4.458416,Train13757
-0.24173892,1.2417389,Train4089
-3.4342213,4.4342213,Train25239
-3.8440423,4.8440423,Train14979
-1.2616506,2.2616506,Train20749
-1.8547833,2.8547833,Train25552
-2.7668922,3.7668922,Train17778
-0.42281187,1.4228119,Train7787
-0.1652534,1.1652534,Train21618
1.7033305,-0.7033306,Train9054
-4.6099434,5.6099434,Train7718
-2.0832856,3.0832856,Train18523
-1.8876233,2.8876233,Train1073
-1.4518371,2.451837,Train2167
0.11539048,0.8846095,Train17373
-0.4586786,1.4586786,Train7865
-0.50254655,1.5025465,Train7095
-0.36581695,1.365817,Train2118
-1.7708864,2.7708864,Train9214
0.5878817,0.4121183,Train4502
2.0294175,-1.0294175,Train2203
-3.0263677,4.0263677,Train18726
-2.4021199,3.4021199,Train24148
0.48960233,0.5103977,Train2264
-1.6468885,2.6468885,Train19176
3.336067,-2.336067,Train3536
-2.7661316,3.7661316,Train18070
1.9341486,-0.9341485,Train1608
-2.2688463,3.2688463,Train17576
0.052645087,0.9473549,Train4841
-0.5874814,1.5874814,Train8464
-0.14979672,1.1497967,Train9200
-3.8844857,4.8844857,Train13783
-4.711773,5.711773,Train14283
-2.7102602,3.7102602,Train11526
-4.4694557,5.4694557,Train12120
1.3199866,-0.31998664,Train18534
4.0719357,-3.0719357,Train979
0.16649419,0.8335058,Train2083
-5.3115764,6.3115764,Train11586
0.20141059,0.7985894,Train5858
-2.2263918,3.2263918,Train24591
-1.4288371,2.428837,Train1033
-2.1992772,3.1992772,Train15397
0.47869867,0.5213013,Train307
-5.413238,6.413238,Train11886
0.8053099,0.19469014,Train9393
-1.9768264,2.9768264,Train21016
-0.9007031,1.9007031,Train20051
-1.4772718,2.4772718,Train17597
-0.91734576,1.9173458,Train4655
-1.5655587,2.5655587,Train15070
0.07879698,0.921203,Train1921
-3.4524846,4.4524846,Train21781
-3.0735855,4.0735855,Train25413
-3.5754213,4.5754213,Train17398
-0.5895046,1.5895046,Train20997
-2.36133,3.36133,Train17722
-1.7542443,2.7542443,Train16642
-1.5681973,2.5681973,Train9869
0.1492123,0.8507877,Train5798
-0.83421373,1.8342137,Train18514
1.6266283,-0.6266283,Train4314
-1.5720358,2.5720358,Train14436
3.8585768,-2.8585768,Train736
-4.1657867,5.1657867,Train25592
-2.117837,3.117837,Train18063
-0.7002715,1.7002715,Train15979
-1.5869014,2.5869014,Train7975
0.7774815,0.2225185,Train1272
-2.5209243,3.5209243,Train15809
-0.9840964,1.9840964,Train15798
-0.3911736,1.3911736,Train3834
-4.4701924,5.4701924,Train13849
-0.12813997,1.12814,Train10598
2.5838537,-1.5838536,Train2746
-5.363769,6.363769,Train23691
-4.3647327,5.3647327,Train22947
-1.096847,2.096847,Train16475
-1.0458498,2.0458498,Train9044
-3.4606147,4.4606147,Train12331
-2.061034,3.061034,Train5646
-0.6089616,1.6089616,Train16144
-0.9521971,1.9521971,Train484
-0.5152823,1.5152823,Train18480
-3.4988031,4.498803,Train7178
1.6713055,-0.67130554,Train3736
-0.7315723,1.7315723,Train17206
-2.72127,3.72127,Train21831
-0.3315605,1.3315605,Train25502
-2.6962104,3.6962104,Train10527
1.1709424,-0.17094244,Train1267
-0.6331614,1.6331614,Train11011
-0.194417,1.194417,Train16541
-0.3594066,1.3594066,Train4174
-2.4860299,3.4860299,Train22856
1.2992308,-0.29923087,Train15203
0.47035444,0.52964556,Train17171
-0.09289241,1.0928924,Train568
1.3639512,-0.36395118,Train48
-1.225301,2.225301,Train23185
1.0658226,-0.06582265,Train1872
-0.71524346,1.7152435,Train903
-0.124079585,1.1240796,Train24345
-1.0963085,2.0963085,Train16324
-4.8524637,5.8524637,Train11561
0.87118244,0.12881756,Train2937
0.21297896,0.78702104,Train2801
2.0762386,-1.0762385,Train9698
-3.6959481,4.695948,Train18282
-1.677522,2.677522,Train23574
-2.1907196,3.1907196,Train10176
-2.2776792,3.2776792,Train20202
3.4230335,-2.4230335,Train4310
0.6926013,0.3073987,Train15167
-1.5646482,2.5646482,Train5451
-4.764471,5.764471,Train11757
-1.6383455,2.6383455,Train15718
-0.1443578,1.1443578,Train9259
-0.13698614,1.1369861,Train8234
-3.3736024,4.3736024,Train16823
1.2027864,-0.2027864,Train25489
0.6695553,0.3304447,Train918
1.2064103,-0.20641027,Train2785
-1.1990016,2.1990016,Train14646
-0.3370825,1.3370825,Train20173
-4.5651083,5.5651083,Train7635
-0.6624944,1.6624944,Train3224
-0.70196986,1.7019699,Train14909
3.2327535,-2.2327535,Train517
-0.505013,1.505013,Train2827
-2.5480862,3.5480862,Train14810
-0.8198297,1.8198297,Train18635
0.17397398,0.826026,Train1716
-1.7309737,2.7309737,Train5059
-1.3256342,2.3256342,Train10757
0.7464062,0.25359383,Train6388
-5.0085464,6.0085464,Train21971
-4.583564,5.583564,Train13758
-3.0170765,4.0170765,Train22076
-1.8553948,2.8553948,Train18906
-4.460901,5.460901,Train13344
0.12443954,0.87556046,Train1361
-0.8651955,1.8651955,Train18913
-0.16142738,1.1614274,Train6293
-0.17217457,1.1721746,Train8108
-4.346042,5.346042,Train13360
-5.0577755,6.0577755,Train12725
0.29813373,0.70186627,Train2740
0.24729067,0.7527093,Train15531
-1.372797,2.372797,Train24440
-3.9187336,4.9187336,Train11963
-3.1934347,4.1934347,Train14782
-0.12897015,1.1289701,Train6540
2.0237792,-1.0237792,Train16328
-0.7261174,1.7261174,Train7832
2.679204,-1.6792039,Train3414
-1.2221293,2.2221293,Train25700
-4.874054,5.874054,Train11618
0.09341234,0.90658766,Train660
1.216141,-0.21614093,Train4228
-0.29756665,1.2975667,Train16127
-1.7507911,2.750791,Train16466
-4.677199,5.677199,Train14474
-3.460525,4.460525,Train14793
-0.42860305,1.428603,Train23553
-1.808562,2.808562,Train19318
1.9401377,-0.94013774,Train9692
0.70982563,0.29017437,Train7453
0.26722968,0.7327703,Train2984
-1.3469772,2.3469772,Train20477
1.3639153,-0.36391535,Train1547
0.8870078,0.11299221,Train363
0.26313645,0.73686355,Train9075
-1.8707972,2.8707972,Train18278
-1.6313341,2.631334,Train4860
-0.78861725,1.7886173,Train498
-2.6443532,3.6443532,Train17241
-3.4716144,4.4716144,Train5701
-3.6104007,4.6104007,Train23013
-0.021509051,1.021509,Train698
-1.6107395,2.6107395,Train5905
0.35734951,0.6426505,Train19577
0.19300282,0.8069972,Train8879
-2.2374153,3.2374153,Train16799
-4.8453693,5.8453693,Train12114
-3.5668693,4.5668693,Train24817
-1.859201,2.859201,Train9296
-4.238082,5.238082,Train22267
-3.556161,4.556161,Train17571
0.37998378,0.6200162,Train4387
-0.88411343,1.8841134,Train4925
-3.5329952,4.532995,Train12108
-0.6853751,1.6853751,Train11434
-4.0945554,5.0945554,Train13110
-3.6978931,4.697893,Train8074
-1.1544046,2.1544046,Train4360
-2.6776588,3.6776588,Train22903
-4.9708505,5.9708505,Train7670
2.6171079,-1.6171079,Train3548
1.1817588,-0.18175875,Train24539
0.19944632,0.8005537,Train3769
-3.7767873,4.7767873,Train6641
-2.8055236,3.8055236,Train15773
-3.3266454,4.3266454,Train16832
-2.9244776,3.9244776,Train16381
-3.5283933,4.5283933,Train11937
-1.5051115,2.5051115,Train17101
1.6938477,-0.69384766,Train3122
-1.5171542,2.5171542,Train3346
-3.561483,4.561483,Train18644
-3.964478,4.964478,Train16874
-0.045964956,1.045965,Train4624
0.8752195,0.12478048,Train1679
1.0302284,-0.030228376,Train2978
-2.8794582,3.8794582,Train25741
-1.0783174,2.0783174,Train14802
1.8161443,-0.81614435,Train3868
-3.7266903,4.7266903,Train13770
-1.2233922,2.2233922,Train6780
0.41552502,0.584475,Train4948
0.3216951,0.6783049,Train4824
-4.9275804,5.9275804,Train14287
-2.9248385,3.9248385,Train4798
-4.337296,5.337296,Train23840
0.20430952,0.7956905,Train3000
-3.0477266,4.0477266,Train7643
-1.8600054,2.8600054,Train9409
1.5751547,-0.57515466,Train9702
-2.7760656,3.7760656,Train20815
-0.3851856,1.3851856,Train21408
-4.709926,5.709926,Train22648
-0.009356618,1.0093566,Train16653
-5.2468543,6.2468543,Train19692
-2.8653216,3.8653216,Train18181
-2.4686196,3.4686196,Train19063
-2.3169186,3.3169186,Train7804
-3.0163698,4.01637,Train22960
-4.3516927,5.3516927,Train22259
2.8005412,-1.8005412,Train3473
-0.05264914,1.0526491,Train8001
-1.1269987,2.1269987,Train7240
-1.0139062,2.0139062,Train16519
-0.9297452,1.9297452,Train19479
-3.7524638,4.752464,Train24680
0.98265386,0.017346129,Train4426
-0.25603724,1.2560372,Train19054
2.0835006,-1.0835006,Train812
0.86013913,0.13986084,Train15553
2.0348477,-1.0348476,Train3394
-1.1187725,2.1187725,Train11168
-3.4127455,4.4127455,Train22928
1.3819995,-0.38199946,Train6617
-3.315793,4.315793,Train13838
0.34956384,0.65043616,Train4126
-4.1215115,5.1215115,Train21798
0.3394155,0.6605845,Train2056
0.06792182,0.9320782,Train889
2.4926138,-1.4926138,Train3077
-3.77703,4.77703,Train2651
-0.96922064,1.9692206,Train10425
-4.7799106,5.7799106,Train11913
-2.787593,3.787593,Train18073
2.8760743,-1.8760744,Train3527
-4.1305547,5.1305547,Train7052
-3.9798903,4.9798903,Train7921
-3.5498848,4.549885,Train13755
4.2825384,-3.2825384,Train342
-0.53763545,1.5376354,Train9073
-4.927561,5.927561,Train7616
0.46126592,0.5387341,Train24479
-1.7843623,2.7843623,Train19429
-0.8623482,1.8623482,Train380
0.4510576,0.5489424,Train11035
-1.9979415,2.9979415,Train18566
-1.6915345,2.6915345,Train18002
-1.8665485,2.8665485,Train7851
2.3449745,-1.3449745,Train2991
-0.7103822,1.7103822,Train23987
-5.595855,6.595855,Train7148
-0.61422765,1.6142277,Train10648
-2.6258307,3.6258307,Train23697
-2.8595874,3.8595874,Train18307
-3.3194294,4.3194294,Train23803
-3.5488896,4.5488896,Train8059
0.37881416,0.62118584,Train5672
-0.062761664,1.0627617,Train8287
-1.019167,2.019167,Train20940
-5.1287284,6.1287284,Train7274
0.035824776,0.9641752,Train20832
-1.9431376,2.9431376,Train6164
-4.3209133,5.3209133,Train13732
-4.935019,5.935019,Train11544
0.43841547,0.56158453,Train7770
-5.39348,6.39348,Train22248
-0.8624238,1.8624238,Train25224
-4.4876738,5.4876738,Train12733
-3.1136832,4.113683,Train16964
-1.6555107,2.6555107,Train5729
-4.2099175,5.2099175,Train25000
-0.12072587,1.1207259,Train15233
-3.2779875,4.2779875,Train22586
-0.90280807,1.9028081,Train25372
-2.682024,3.682024,Train9158
1.1929985,-0.1929985,Train1793
-2.123437,3.123437,Train7612
-0.91096246,1.9109625,Train15595
-2.5807574,3.5807574,Train7227
-4.416767,5.416767,Train13235
-1.1025081,2.102508,Train16615
-0.11511719,1.1151172,Train4813
-0.80971515,1.8097152,Train6228
-2.0388901,3.0388901,Train16001
-0.9400284,1.9400284,Train3450
-0.65479493,1.6547949,Train5940
-2.8616776,3.8616776,Train24573
-1.1448908,2.1448908,Train18633
-4.808027,5.808027,Train6950
1.9057887,-0.9057887,Train4961
-4.9326534,5.9326534,Train12313
-4.341466,5.341466,Train22025
-4.0794344,5.0794344,Train7472
-0.4307381,1.4307381,Train15195
0.6656058,0.3343942,Train10201
0.5953104,0.4046896,Train15898
0.08858478,0.9114152,Train3768
-5.021001,6.021001,Train25070
-5.342615,6.342615,Train14656
2.3806624,-1.3806624,Train3584
-0.96483815,1.9648381,Train18297
0.060036838,0.93996316,Train3609
-2.2473867,3.2473867,Train15576
-0.62456787,1.6245679,Train18190
0.5788256,0.42117438,Train19238
-1.3038394,2.3038394,Train6374
-1.9770982,2.9770982,Train14704
1.6178633,-0.6178633,Train1879
-2.6623433,3.6623433,Train21321
-1.0203075,2.0203075,Train9108
-2.8099444,3.8099444,Train25464
-2.62724,3.62724,Train12932
1.6179976,-0.61799765,Train3196
1.3808973,-0.38089722,Train1607
0.4809252,0.5190748,Train1559
-2.6346796,3.6346796,Train14736
0.87924564,0.12075434,Train23436
-1.8967726,2.8967726,Train22195
-2.5426502,3.5426502,Train13901
0.08608526,0.91391474,Train2637
2.4466834,-1.4466833,Train18723
-2.4387658,3.4387658,Train25701
-0.83921754,1.8392175,Train1758
0.73376906,0.2662309,Train2317
-1.3613801,2.36138,Train14397
-3.572626,4.572626,Train14734
0.06892109,0.9310789,Train1076
-0.8209245,1.8209245,Train21193
-0.531767,1.531767,Train7642
-0.31656182,1.3165618,Train2342
-0.77364063,1.7736406,Train6549
1.4852037,-0.4852037,Train1102
-0.55279684,1.5527968,Train6030
-2.7172487,3.7172487,Train3668
-5.19541,6.19541,Train13050
1.7965162,-0.7965161,Train1242
0.9851184,0.014881639,Train2916
-2.2058718,3.2058718,Train21480
-1.5039771,2.503977,Train15003
-1.5487366,2.5487366,Train24042
-1.9782331,2.978233,Train19809
-0.39937913,1.3993791,Train24304
-1.4042408,2.4042408,Train7538
1.048132,-0.048131973,Train9500
-2.2826784,3.2826784,Train24094
-0.28872705,1.288727,Train4542
-4.353223,5.353223,Train11857
0.5233805,0.4766195,Train5237
-4.800401,5.800401,Train12076
-1.2027361,2.2027361,Train1795
-1.554069,2.554069,Train21254
-0.46568692,1.4656869,Train25421
0.3799411,0.6200589,Train2710
-3.6651602,4.66516,Train12895
-5.5268803,6.5268803,Train21797
-3.4762812,4.476281,Train11958
1.6724284,-0.6724284,Train3013
-1.4092343,2.4092343,Train14538
-3.2088165,4.2088165,Train16209
0.9274622,0.072537765,Train1814
-1.6843433,2.6843433,Train24073
-0.45731795,1.457318,Train20680
-1.718672,2.718672,Train24691
0.11721188,0.8827881,Train1080
-0.6420373,1.6420373,Train21266
0.093180716,0.9068193,Train1696
-4.6588063,5.6588063,Train12200
-1.6364646,2.6364646,Train19772
-2.8376486,3.8376486,Train6439
1.1112338,-0.11123388,Train525
1.0267287,-0.0267287,Train1998
-0.49936354,1.4993635,Train18559
-2.5908184,3.5908184,Train16106
-3.0220623,4.0220623,Train24676
-0.79061794,1.790618,Train2092
0.31007707,0.6899229,Train245
-3.6085892,4.608589,Train4671
2.1545105,-1.1545106,Train23363
-2.7919269,3.7919269,Train11630
1.1626389,-0.16263886,Train2896
-3.6062717,4.6062717,Train11887
-4.497465,5.497465,Train12447
1.3895696,-0.38956967,Train25402
-1.4038429,2.403843,Train4742
2.1530766,-1.1530766,Train1283
2.555585,-1.5555849,Train775
-1.4369035,2.4369035,Train9478
-1.2518501,2.2518501,Train25204
-4.2123876,5.2123876,Train21785
-0.36219335,1.3621933,Train4167
-5.182425,6.182425,Train12152
1.0430524,-0.043052495,Train15804
-0.21223974,1.2122397,Train18856
-1.1430814,2.1430814,Train24336
0.70002073,0.29997927,Train2241
1.354893,-0.354893,Train117
-0.7333933,1.7333933,Train7309
-4.4089804,5.4089804,Train12205
-2.023,3.023,Train20124
-4.2854156,5.2854156,Train12911
-0.19784164,1.1978416,Train2147
-0.94853044,1.9485304,Train15877
-3.8225589,4.822559,Train11703
-5.1672087,6.1672087,Train22476
1.1669502,-0.16695021,Train10431
-0.07208109,1.0720811,Train6473
-0.60343766,1.6034377,Train17677
0.45423543,0.54576457,Train6397
-3.9062676,4.9062676,Train9284
-1.4167633,2.4167633,Train10281
-3.2775164,4.2775164,Train14132
2.0855203,-1.0855203,Train885
2.6251967,-1.6251967,Train3114
-0.87416196,1.874162,Train7066
2.6592672,-1.6592672,Train1665
-3.4194617,4.4194617,Train17445
0.74365544,0.25634453,Train560
0.64207363,0.35792634,Train334
-1.3940063,2.3940063,Train79
-0.7517593,1.7517593,Train19214
1.2297912,-0.2297912,Train2776
1.1473248,-0.14732486,Train3142
-1.3722908,2.3722908,Train14840
0.4174708,0.5825292,Train420
-1.8335915,2.8335915,Train7294
-5.650682,6.650682,Train10896
-4.5442758,5.5442758,Train14270
-0.16830647,1.1683065,Train2832
-5.1787596,6.1787596,Train21854
-0.8710761,1.8710761,Train7423
-3.984477,4.984477,Train1967
-2.547215,3.547215,Train12121
-1.7075491,2.707549,Train17325
2.953858,-1.953858,Train3424
0.6423385,0.35766146,Train11092
-1.9233122,2.9233122,Train23820
-2.131356,3.131356,Train9838
1.273014,-0.27301395,Train2999
-1.6735232,2.6735232,Train16668
-0.26512337,1.2651234,Train2171
-4.6279902,5.6279902,Train22988
0.061824262,0.93817574,Train14681
-2.6151202,3.6151202,Train14751
0.32292628,0.6770737,Train5447
1.3100152,-0.31001514,Train2514
-1.0600531,2.060053,Train833
1.7606304,-0.7606304,Train3117
-0.8178519,1.8178519,Train4996
-4.2809653,5.2809653,Train11499
-3.9841647,4.9841647,Train11849
-3.9020467,4.9020467,Train16998
-1.1680875,2.1680875,Train17435
-2.9450607,3.9450607,Train25143
-4.849225,5.849225,Train11936
0.474657,0.525343,Train16122
-0.117444515,1.1174445,Train20187
1.6912246,-0.6912246,Train1743
-4.512115,5.512115,Train13904
1.7706771,-0.77067715,Train1022
-2.3840036,3.3840036,Train7978
-3.8010583,4.8010583,Train7669
-2.305683,3.305683,Train17299
-1.9435692,2.9435692,Train8052
-2.0398192,3.0398192,Train19676
-2.5392056,3.5392056,Train6294
-4.145766,5.145766,Train14697
-2.5287197,3.5287197,Train19926
0.06171,0.93829,Train1126
-0.29313278,1.2931328,Train6796
-3.1564255,4.1564255,Train20112
1.7552445,-0.75524455,Train3174
-4.6417837,5.6417837,Train24383
0.87873805,0.12126197,Train9864
-5.608519,6.608519,Train11581
-4.0932784,5.0932784,Train7399
-3.2246375,4.2246375,Train13822
-1.0309858,2.0309858,Train24219
-2.104167,3.104167,Train21253
1.104396,-0.104396,Train1615
-3.4461074,4.4461074,Train12003
-3.5429168,4.542917,Train13385
2.104938,-1.1049381,Train1857
1.2699671,-0.26996702,Train1800
-3.633099,4.633099,Train14778
0.79463375,0.20536622,Train817
-2.1757069,3.1757069,Train14445
-5.8492455,6.8492455,Train11972
-2.9695883,3.9695883,Train4858
-3.9085145,4.9085145,Train22295
0.041178465,0.95882154,Train3060
-0.8372201,1.8372201,Train3970
0.09853959,0.9014604,Train735
-0.9546447,1.9546447,Train9116
0.9028165,0.09718353,Train2221
0.09158468,0.9084153,Train2370
-1.7745862,2.7745862,Train15537
-2.1192584,3.1192584,Train11563
-1.4253678,2.4253678,Train11455
-1.1476791,2.147679,Train9820
-0.06553173,1.0655317,Train734
2.3257775,-1.3257774,Train2932
-0.50625086,1.5062509,Train7395
-4.7672505,5.7672505,Train13805
-4.832364,5.832364,Train14104
-2.1320431,3.1320431,Train24125
3.6644034,-2.6644034,Train3516
-4.7505584,5.7505584,Train12143
1.2276744,-0.22767437,Train721
1.0887388,-0.08873879,Train9391
-1.3922222,2.3922222,Train18885
1.6378839,-0.63788396,Train3044
0.79388183,0.20611818,Train18806
3.3865068,-2.3865068,Train798
-4.0654716,5.0654716,Train13329
1.201273,-0.2012729,Train8303
1.5842855,-0.58428544,Train17319
-3.3263564,4.3263564,Train25254
1.4777905,-0.4777905,Train4092
0.16197151,0.8380285,Train11234
-3.7009168,4.700917,Train15048
0.45691323,0.54308677,Train10128
-5.502599,6.502599,Train23102
-1.7267253,2.7267253,Train14525
-5.2563853,6.2563853,Train14582
0.3753655,0.6246345,Train16358
3.1838236,-2.1838236,Train14855
-1.894983,2.894983,Train23194
-0.75908506,1.759085,Train6484
1.8856322,-0.88563216,Train15407
-3.689303,4.689303,Train7258
1.1479154,-0.1479154,Train546
-3.5462184,4.5462184,Train21537
-2.5297208,3.5297208,Train20208
-3.7145863,4.7145863,Train18279
1.3208687,-0.3208687,Train8846
-3.5558963,4.5558963,Train22118
-2.1213768,3.1213768,Train18353
-5.2396746,6.2396746,Train11648
-2.5252964,3.5252964,Train19228
-5.4943056,6.4943056,Train11523
-2.0016804,3.0016804,Train16301
-2.6742947,3.6742947,Train18368
0.2321307,0.7678693,Train25642
-3.5963259,4.596326,Train23933
-0.48244333,1.4824433,Train16227
-0.27691507,1.2769151,Train9548
-0.7262008,1.7262008,Train23316
-2.0816045,3.0816045,Train16651
-1.8685837,2.8685837,Train7737
-0.32489955,1.3248996,Train8837
-2.2096903,3.2096903,Train4927
-3.7770028,4.777003,Train20191
1.3562983,-0.35629833,Train3732
-4.5107684,5.5107684,Train12095
-0.4729321,1.4729321,Train21245
-0.43184686,1.4318469,Train1139
-2.0218685,3.0218685,Train12377
-1.3269215,2.3269215,Train16088
-3.81431,4.81431,Train12036
0.26899177,0.73100823,Train2200
-1.9115484,2.9115484,Train20203
-3.800427,4.800427,Train21820
2.5808394,-1.5808394,Train4378
-2.5939405,3.5939405,Train20528
-3.4060512,4.406051,Train19588
-0.10208225,1.1020823,Train19041
-1.6065218,2.6065218,Train17237
-0.22427297,1.224273,Train21162
-2.7563763,3.7563763,Train1369
-1.2289457,2.2289457,Train9010
-1.8912721,2.891272,Train21459
-1.9273822,2.9273822,Train25309
1.3096118,-0.30961174,Train3593
0.73911613,0.26088387,Train20131
-1.3614931,2.361493,Train18673
-4.948078,5.948078,Train12066
0.07547265,0.92452735,Train8874
-4.500834,5.500834,Train23801
3.2703848,-2.2703848,Train3809
1.1472129,-0.14721288,Train15345
-2.260013,3.260013,Train5750
0.1097613,0.8902387,Train1641
2.0238192,-1.0238192,Train2341
0.2737767,0.7262233,Train2976
-4.708948,5.708948,Train13790
0.76176775,0.23823224,Train14654
-5.092455,6.092455,Train11996
-1.8414383,2.8414383,Train21867
-3.4639444,4.4639444,Train21663
0.6496495,0.35035047,Train8389
-0.31334758,1.3133476,Train6578
-1.3868918,2.3868918,Train18518
-2.9530556,3.9530556,Train9280
-3.6290202,4.62902,Train23058
-2.2556388,3.2556388,Train16412
1.5639534,-0.5639534,Train449
1.4823471,-0.48234713,Train24239
-1.9176736,2.9176736,Train15055
0.8535738,0.14642623,Train16977
-3.8056245,4.8056245,Train14563
-1.4098473,2.4098473,Train16564
-2.2079859,3.2079859,Train14866
1.2347329,-0.23473293,Train17270
0.9520069,0.047993124,Train262
0.5208258,0.4791742,Train2434
2.3618617,-1.3618616,Train2613
-0.21151948,1.2115195,Train9352
0.15984291,0.8401571,Train261
1.5066712,-0.50667113,Train15092
-0.5805669,1.5805669,Train21378
-3.9631677,4.9631677,Train11977
1.1949862,-0.19498624,Train2938
1.0880224,-0.08802239,Train18404
-2.8381007,3.8381007,Train25191
-4.89008,5.89008,Train23018
-2.25766,3.25766,Train7415
0.55953336,0.44046667,Train1978
-2.514485,3.514485,Train13578
-0.3194865,1.3194865,Train15329
0.60926306,0.39073697,Train5577
-0.12971568,1.1297157,Train18370
-2.3706703,3.3706703,Train7828
0.10486412,0.8951359,Train1953
-0.7704545,1.7704545,Train18451
-3.9572258,4.957226,Train22963
-3.0738564,4.0738564,Train23698
-4.3013587,5.3013587,Train12824
-3.0834045,4.0834045,Train9843
-3.5679293,4.5679293,Train7651
-1.1098452,2.1098452,Train15994
-1.4204509,2.420451,Train17605
-0.83351946,1.8335195,Train4941
1.4268793,-0.42687926,Train1437
-0.41038895,1.410389,Train5561
-1.6721871,2.672187,Train9610
-4.611139,5.611139,Train24612
0.23975474,0.76024526,Train2520
-0.26359332,1.2635933,Train4263
1.7969623,-0.7969623,Train3573
-2.9805396,3.9805396,Train18129
0.81951785,0.18048216,Train25488
-0.042096734,1.0420967,Train1690
-2.5714095,3.5714095,Train13912
1.000164,-0.00016398157,Train1026
1.4284723,-0.42847222,Train4392
2.114353,-1.114353,Train3248
-1.1189983,2.1189983,Train17568
-1.3871481,2.3871481,Train17012
-3.0211163,4.0211163,Train7401
0.8398638,0.1601362,Train3651
-3.6068254,4.6068254,Train23722
-1.9136837,2.9136837,Train18901
0.8290043,0.17099571,Train18736
1.0683305,-0.06833055,Train4038
-1.2133465,2.2133465,Train10354
-2.3197434,3.3197434,Train13839
-1.5824654,2.5824654,Train86
-2.1356258,3.1356258,Train18220
-3.9314022,4.931402,Train25027
-2.6786602,3.6786602,Train14763
-4.3162255,5.3162255,Train22398
0.964113,0.03588698,Train3821
-0.27725184,1.2772518,Train2491
3.1424675,-2.1424675,Train185
-3.317525,4.317525,Train7263
-3.924406,4.924406,Train12078
-2.824545,3.824545,Train14425
-1.1194904,2.1194904,Train14360
-1.483032,2.483032,Train4830
-4.412928,5.412928,Train24909
-0.8505845,1.8505845,Train25901
-4.968991,5.968991,Train11776
-2.109487,3.109487,Train8709
-0.18304157,1.1830416,Train3176
-4.631246,5.631246,Train11840
0.08086789,0.9191321,Train9332
-1.1356013,2.1356013,Train4812
-3.7656484,4.7656484,Train13809
-4.799279,5.799279,Train13890
-2.381535,3.381535,Train21331
-0.7048789,1.7048789,Train2189
-3.1671634,4.1671634,Train7550
1.5888972,-0.5888973,Train284
-3.4894252,4.489425,Train21910
-0.6438551,1.6438551,Train5583
0.16992062,0.8300794,Train2095
1.6884922,-0.6884922,Train2503
2.6647305,-1.6647305,Train3383
-5.076806,6.076806,Train12150
-0.48687172,1.4868717,Train5304
-5.6113286,6.6113286,Train16880
-2.6250975,3.6250975,Train12333
-2.98834,3.98834,Train12125
-4.1551933,5.1551933,Train11517
-0.50244164,1.5024416,Train1802
-0.10939324,1.1093932,Train2227
3.666321,-2.666321,Train2448
-2.524094,3.524094,Train5977
-5.0224557,6.0224557,Train24919
1.071619,-0.071619004,Train5881
-1.6219547,2.6219547,Train2294
-0.08343899,1.083439,Train18444
-0.1567229,1.1567229,Train17623
1.5663798,-0.56637985,Train10288
-0.21570194,1.2157019,Train1211
0.4382108,0.5617892,Train9350
1.0915698,-0.09156974,Train16319
-3.3275204,4.3275204,Train20787
1.9641627,-0.9641627,Train15404
1.5205748,-0.52057475,Train9721
0.5138224,0.48617762,Train1766
0.475034,0.524966,Train9742
1.5439042,-0.5439042,Train2670
1.8087046,-0.8087046,Train3146
-2.6694183,3.6694183,Train25284
3.0176427,-2.0176427,Train612
-0.8092234,1.8092234,Train15172
-2.6775486,3.6775486,Train17664
0.15571445,0.84428555,Train9739
-1.1733668,2.1733668,Train5532
0.44356906,0.55643094,Train1453
-2.74518,3.74518,Train15197
-0.6766467,1.6766467,Train15831
0.119091034,0.88090897,Train21021
-2.4964767,3.4964767,Train15784
-1.4107773,2.4107773,Train18563
-3.7092032,4.7092032,Train20209
-1.3014665,2.3014665,Train9295
1.3306372,-0.33063728,Train953
-0.8134508,1.8134508,Train6133
1.6293888,-0.62938875,Train7526
0.10325509,0.8967449,Train18499
0.024718523,0.9752815,Train591
-0.38801086,1.3880109,Train15262
1.8032303,-0.80323035,Train2190
-4.058238,5.058238,Train14125
-3.819201,4.819201,Train13685
1.0820918,-0.08209178,Train23248
-4.648192,5.648192,Train7102
0.91265506,0.08734497,Train2716
-0.4468137,1.4468137,Train16154
-0.2294867,1.2294867,Train17309
1.5183425,-0.51834244,Train3489
-1.9048893,2.9048893,Train20595
-2.609438,3.609438,Train20470
-0.26950157,1.2695016,Train8132
-0.71789813,1.7178981,Train5159
-3.2258415,4.2258415,Train11808
-2.2076538,3.2076538,Train7352
-0.5395179,1.5395179,Train9664
0.77759606,0.22240394,Train15990
1.1979768,-0.19797686,Train8433
-4.455899,5.455899,Train11772
-1.0761452,2.0761452,Train20018
-2.623084,3.623084,Train14484
-1.0028918,2.0028918,Train21589
3.6302624,-2.6302624,Train3557
-1.4848197,2.4848197,Train20279
0.7616416,0.23835841,Train20833
-2.0768,3.0768,Train25041
-1.1666558,2.1666558,Train1782
-3.1393852,4.139385,Train16848
-4.624684,5.624684,Train7333
-4.766742,5.766742,Train23819
2.045147,-1.0451468,Train2678
-1.0108736,2.0108736,Train8300
-0.56277263,1.5627726,Train7346
-3.714561,4.714561,Train16188
-1.8762193,2.8762193,Train16576
0.91502684,0.084973164,Train10403
-3.359283,4.359283,Train25400
0.03134364,0.96865636,Train17857
-4.7758503,5.7758503,Train11628
-5.1911077,6.1911077,Train21704
-3.0715666,4.0715666,Train20827
-2.7136292,3.7136292,Train25173
2.1728883,-1.1728883,Train16681
-0.5421605,1.5421605,Train3126
-2.082317,3.082317,Train1973
-2.3072975,3.3072975,Train15018
-3.6637697,4.6637697,Train18089
-1.2925045,2.2925045,Train7886
-1.8039722,2.8039722,Train7222
-1.4639683,2.4639683,Train23243
-1.4096818,2.4096818,Train2899
0.2103576,0.7896424,Train25646
-2.047797,3.047797,Train16219
-0.98390853,1.9839085,Train9360
-2.383375,3.383375,Train7929
-2.1162143,3.1162143,Train8420
0.5098594,0.49014062,Train14745
1.0672761,-0.06727613,Train2690
-4.4033265,5.4033265,Train22645
2.094386,-1.094386,Train855
-2.1350715,3.1350715,Train14374
0.6832371,0.31676292,Train15603
-0.26928377,1.2692838,Train9429
-3.7573547,4.7573547,Train13706
-0.42371154,1.4237115,Train16605
0.15271938,0.8472806,Train540
-0.51851463,1.5185146,Train25799
0.10014933,0.89985067,Train16385
-2.3131123,3.3131123,Train15259
0.40023273,0.59976727,Train15837
-4.299312,5.299312,Train11572
0.18862528,0.8113747,Train23332
-1.3420126,2.3420126,Train18489
1.7297394,-0.72973937,Train2319
-2.1630414,3.1630414,Train7119
-1.5666533,2.5666533,Train15644
0.673607,0.32639304,Train1358
-3.7686725,4.7686725,Train13811
1.8411541,-0.8411541,Train15406
-4.509511,5.509511,Train25064
-4.683475,5.683475,Train13753
-1.3412178,2.3412178,Train25412
-3.542326,4.542326,Train20632
2.381778,-1.381778,Train5126
0.22567403,0.77432597,Train2085
-2.2346385,3.2346385,Train15133
-2.2194724,3.2194724,Train36
-4.2938895,5.2938895,Train13806
-2.4612982,3.4612982,Train25521
-1.2301245,2.2301245,Train4328
-4.520789,5.520789,Train18141
-1.0730822,2.0730822,Train19608
0.08913183,0.91086817,Train1525
-1.9276395,2.9276395,Train982
-0.63627553,1.6362755,Train10402
-6.1658425,7.1658425,Train12572
2.6027975,-1.6027974,Train18547
-0.6019826,1.6019826,Train6184
-2.6228933,3.6228933,Train15205
0.9284415,0.071558475,Train1440
-3.5030303,4.5030303,Train7598
-4.1080503,5.1080503,Train24586
-0.12763405,1.127634,Train7933
-2.5910146,3.5910146,Train14759
1.2436724,-0.24367242,Train3601
-3.3907962,4.390796,Train7984
-0.78401315,1.7840132,Train6554
-1.2274394,2.2274394,Train21484
-2.2119381,3.2119381,Train10530
-2.1627052,3.1627052,Train23867
-0.43355906,1.4335591,Train1582
1.7536185,-0.7536185,Train9386
0.15468019,0.8453198,Train14953
-3.7342563,4.7342563,Train14733
0.24245,0.75755,Train2762
-0.011510611,1.0115106,Train1695
-4.4860992,5.4860992,Train24572
-2.4699738,3.4699738,Train25815
-4.3452415,5.3452415,Train13877
-4.326877,5.326877,Train7523
-4.45008,5.45008,Train11520
-3.8439589,4.843959,Train17714
-4.586911,5.586911,Train19113
1.745508,-0.7455079,Train910
-0.63213587,1.6321359,Train4322
-0.35325038,1.3532504,Train5288
-2.018302,3.018302,Train25022
0.2548713,0.7451287,Train16039
-2.556842,3.556842,Train17601
0.48650807,0.5134919,Train10819
0.46007574,0.53992426,Train1326
0.33791137,0.66208863,Train42
-1.1632116,2.1632116,Train15234
-0.7070106,1.7070106,Train16367
-3.9198456,4.9198456,Train16530
-2.2211921,3.2211921,Train16032
-1.0108624,2.0108624,Train14661
1.0166388,-0.016638737,Train3865
-3.5158591,4.515859,Train11982
2.5454092,-1.5454093,Train1107
4.2986536,-3.2986536,Train3486
-1.0962045,2.0962045,Train15228
-0.53738093,1.5373809,Train9952
-4.3309245,5.3309245,Train13697
1.2278676,-0.22786763,Train2731
-0.31853652,1.3185365,Train2298
-0.69950104,1.699501,Train4982
-3.3674178,4.367418,Train23828
-3.6510458,4.651046,Train13053
-4.9634595,5.9634595,Train12609
-1.301508,2.301508,Train11433
-0.4508797,1.4508797,Train9266
3.206738,-2.206738,Train2655
1.7617433,-0.76174337,Train24080
-2.6242692,3.6242692,Train18299
-2.847517,3.847517,Train18629
-0.13679898,1.136799,Train10133
-3.1333494,4.1333494,Train21532
-1.825125,2.825125,Train2895
-1.6935532,2.6935532,Train7937
-4.469283,5.469283,Train12002
0.48211926,0.51788074,Train599
-5.391793,6.391793,Train13155
-3.0249643,4.0249643,Train12599
-2.4115582,3.4115582,Train14012
-2.7934341,3.7934341,Train21665
1.284612,-0.28461203,Train176
0.42203146,0.57796854,Train3356
-0.9019097,1.9019097,Train7493
-0.42324555,1.4232455,Train8892
1.8749522,-0.8749522,Train1581
-1.0891275,2.0891275,Train14848
-1.4215989,2.421599,Train6566
-4.544552,5.544552,Train14634
-0.12044287,1.1204429,Train14990
-3.1135087,4.1135087,Train17305
-1.8239369,2.823937,Train7610
-4.634162,5.634162,Train23069
1.4471817,-0.44718164,Train2238
-0.5982959,1.5982959,Train1188
-2.2698076,3.2698076,Train7319
-0.48844182,1.4884418,Train4404
-3.1235719,4.123572,Train8090
-3.219386,4.219386,Train19554
-1.5241377,2.5241377,Train4833
0.060022473,0.9399775,Train7849
1.2838571,-0.28385705,Train23290
0.77856827,0.22143173,Train4189
-4.5112724,5.5112724,Train23799
-2.156999,3.156999,Train23679
-5.3586626,6.3586626,Train12092
0.6334907,0.3665093,Train24400
-3.9533877,4.9533877,Train23841
-2.9886053,3.9886053,Train11466
-2.7255776,3.7255776,Train14624
-4.4160514,5.4160514,Train12215
0.1759432,0.8240568,Train21292
-1.8806493,2.8806493,Train9031
-2.6631463,3.6631463,Train14406
-0.99126744,1.9912674,Train5501
-0.94176817,1.9417682,Train1762
0.90321946,0.096780516,Train1343
-0.4495448,1.4495448,Train24427
0.305714,0.694286,Train2351
-4.1110196,5.1110196,Train10352
2.9809213,-1.9809213,Train2005
2.6142867,-1.6142867,Train1430
-0.552492,1.552492,Train20065
-5.3385506,6.3385506,Train22380
-1.4956737,2.4956737,Train23277
-3.576383,4.576383,Train14831
-1.6139593,2.6139593,Train18120
1.6785874,-0.6785874,Train1504
-0.91130483,1.9113048,Train19870
-5.628257,6.628257,Train21730
-0.15216434,1.1521643,Train20516
-3.3851347,4.3851347,Train14924
-1.8995278,2.8995278,Train20734
-2.7740011,3.7740011,Train6855
-4.99173,5.99173,Train12844
1.4980376,-0.49803764,Train905
-2.8225417,3.8225417,Train20369
1.6342398,-0.6342398,Train4152
-4.1301703,5.1301703,Train16876
1.9402758,-0.9402758,Train18464
-0.6862291,1.6862291,Train23601
-0.14050591,1.1405059,Train7529
2.466027,-1.466027,Train9418
0.841089,0.15891097,Train3170
-4.8416767,5.8416767,Train11632
-0.003860116,1.0038601,Train9139
-3.21764,4.21764,Train12219
0.29570788,0.7042921,Train15286
-3.6881723,4.6881723,Train24619
-1.3354189,2.335419,Train21553
-0.2902832,1.2902832,Train8218
-3.3505368,4.350537,Train12041
0.60709107,0.3929089,Train10426
-4.8083253,5.8083253,Train16864
2.281189,-1.2811891,Train614
0.26945198,0.730548,Train1587
-2.2982013,3.2982013,Train8040
0.011424124,0.9885759,Train7997
-0.50670683,1.5067068,Train6520
0.4873247,0.5126753,Train1096
1.377423,-0.377423,Train2000
-2.989094,3.989094,Train5860
0.36235344,0.63764656,Train1557
0.47163647,0.5283635,Train439
0.9345073,0.06549267,Train1520
-2.0605233,3.0605233,Train8902
-3.356258,4.356258,Train13175
0.29069775,0.70930225,Train1816
-1.1549597,2.1549597,Train24344
-2.851935,3.851935,Train10271
-1.1607692,2.1607692,Train10005
-1.2687678,2.2687678,Train11655
-0.72387457,1.7238746,Train14382
-4.288016,5.288016,Train7530
-0.3068676,1.3068676,Train25357
0.49666685,0.50333315,Train53
-4.5244794,5.5244794,Train21669
2.1501808,-1.1501809,Train813
-1.7028174,2.7028174,Train14528
-2.440139,3.440139,Train17483
-1.9759893,2.9759893,Train4888
-1.123447,2.123447,Train1052
-0.5230347,1.5230347,Train10971
0.6923992,0.3076008,Train5343
-4.8943553,5.8943553,Train21935
-0.42379105,1.423791,Train8926
-2.4802086,3.4802086,Train18303
-0.42248547,1.4224855,Train4337
-0.2554102,1.2554102,Train989
-5.921816,6.921816,Train22519
0.89638853,0.10361148,Train435
0.43025696,0.56974304,Train24511
0.77854335,0.22145666,Train6138
0.11246532,0.8875347,Train15154
0.5145922,0.4854078,Train633
-0.115650535,1.1156505,Train7307
-1.7726943,2.7726943,Train4796
-2.7062163,3.7062163,Train7289
1.2583241,-0.25832418,Train4407
-4.8501997,5.8501997,Train11968
-1.4526,2.4526,Train19358
-4.19039,5.19039,Train22794
-2.7513502,3.7513502,Train17629
-4.711421,5.711421,Train7138
-2.0770462,3.0770462,Train2355
2.6502588,-1.6502588,Train1034
-0.800439,1.800439,Train8855
2.9483237,-1.9483236,Train23424
0.13124412,0.8687559,Train1809
-4.223479,5.223479,Train11984
-4.076148,5.076148,Train22853
-0.1363126,1.1363126,Train9934
1.2302858,-0.23028573,Train120
2.1486914,-1.1486914,Train1463
-3.3777723,4.3777723,Train4913
-5.0672364,6.0672364,Train12310
-3.6655116,4.6655116,Train21792
-0.36581492,1.3658149,Train15088
-2.1257806,3.1257806,Train9679
-1.9550643,2.9550643,Train14411
-3.8450818,4.845082,Train25208
-4.5762863,5.5762863,Train21810
-1.5271611,2.5271611,Train4037
-1.5753031,2.575303,Train7355
-0.13917637,1.1391764,Train1422
-1.7621412,2.7621412,Train20491
-1.9755702,2.9755702,Train16214
0.5514658,0.4485342,Train1952
-4.3187213,5.3187213,Train15778
3.3720317,-2.3720317,Train3105
-2.02219,3.02219,Train9130
-5.091302,6.091302,Train11905
-2.039826,3.039826,Train15780
-1.5303597,2.5303597,Train8324
-0.8976909,1.8976909,Train23673
-1.5790751,2.579075,Train25494
-0.9752159,1.9752159,Train17471
-0.049055696,1.0490557,Train2245
-1.1805718,2.1805718,Train541
-1.0016713,2.0016713,Train15900
-2.3577504,3.3577504,Train25872
-0.91175807,1.9117581,Train21301
-0.030428648,1.0304286,Train16118
-2.8145108,3.8145108,Train14753
-3.7552953,4.7552953,Train21401
-1.0427294,2.0427294,Train23487
2.27289,-1.2728902,Train1773
-3.4522152,4.452215,Train11712
-4.2679706,5.2679706,Train11515
0.2633764,0.7366236,Train1083
-2.3057673,3.3057673,Train15356
1.1635214,-0.16352138,Train6789
-3.5169315,4.5169315,Train14621
-2.1827366,3.1827366,Train19854
-0.7499186,1.7499186,Train4203
-1.2501745,2.2501745,Train18484
1.7045679,-0.70456797,Train21311
-1.6194978,2.6194978,Train7806
-0.5324334,1.5324334,Train4785
-1.2841246,2.2841246,Train4344
-3.1920724,4.1920724,Train17923
-3.521954,4.521954,Train17756
0.28824037,0.7117596,Train16447
-3.932063,4.932063,Train15056
-1.502157,2.502157,Train14514
-1.46368,2.46368,Train25903
0.18407488,0.8159251,Train1613
1.127476,-0.12747595,Train1220
2.1044908,-1.1044906,Train9722
-3.5167284,4.5167284,Train14602
-0.43817997,1.43818,Train7268
-3.0318942,4.031894,Train23804
-0.015757203,1.0157572,Train21527
0.35730797,0.642692,Train9723
-3.2270985,4.2270985,Train19227
-2.6294222,3.6294222,Train19425
1.1495316,-0.14953163,Train4356
-4.7180066,5.7180066,Train14149
-0.98443353,1.9844335,Train15810
0.66489065,0.33510938,Train4291
-1.2920208,2.2920208,Train6071
-1.2902265,2.2902265,Train14682
1.5192906,-0.51929057,Train21595
-1.9882777,2.9882777,Train13696
-3.8538284,4.8538284,Train15300
-0.8429016,1.8429016,Train23261
0.45870328,0.5412967,Train18829
-4.5963664,5.5963664,Train7801
-2.2084649,3.2084649,Train18068
-1.5772324,2.5772324,Train23500
-3.562368,4.562368,Train7457
0.31590194,0.68409806,Train21214
1.0210279,-0.02102798,Train2402
1.2860492,-0.28604922,Train2502
1.3626344,-0.36263436,Train15995
-0.48292196,1.482922,Train1558
-3.367618,4.367618,Train23847
0.021865249,0.97813475,Train1722
-1.067385,2.067385,Train16210
-1.4360352,2.4360352,Train20575
-3.498529,4.498529,Train4892
-1.0977066,2.0977066,Train2951
2.1880455,-1.1880454,Train1889
0.28282344,0.71717656,Train1129
-1.3196907,2.3196907,Train102
-3.1992478,4.199248,Train11713
0.4178679,0.5821321,Train3995
-2.5738308,3.5738308,Train15788
-4.388813,5.388813,Train24694
-0.65751755,1.6575176,Train2457
-1.8930998,2.8930998,Train642
-5.220801,6.220801,Train16870
2.8491206,-1.8491205,Train8682
0.45956212,0.5404379,Train25235
-4.822396,5.822396,Train6878
-0.51319194,1.5131919,Train11399
-2.5210211,3.5210211,Train17260
-5.274228,6.274228,Train21745
-1.432102,2.432102,Train11784
3.192842,-2.192842,Train3313
-4.4282937,5.4282937,Train13893
-2.750173,3.750173,Train21555
-0.3070544,1.3070544,Train9611
-3.0308924,4.0308924,Train16984
1.4682437,-0.46824372,Train3474
-1.5240805,2.5240805,Train9218
1.6102543,-0.6102542,Train1289
-0.099177,1.099177,Train1546
-4.7082806,5.7082806,Train24651
-2.3673768,3.3673768,Train25597
-2.6233685,3.6233685,Train8255
-3.0200734,4.0200734,Train11914
1.146481,-0.1464811,Train335
0.57458985,0.42541012,Train330
0.088971615,0.9110284,Train4427
-1.82426,2.82426,Train5528
-0.4847499,1.4847499,Train3058
-2.685456,3.685456,Train3588
-0.079560876,1.0795609,Train10028
-1.8674312,2.8674312,Train14728
-2.1103847,3.1103847,Train15105
-3.7146554,4.7146554,Train23848
-2.1093159,3.1093159,Train11534
-4.7497706,5.7497706,Train13887
-0.64844453,1.6484445,Train15394
-1.4297922,2.4297922,Train23213
-2.1213841,3.1213841,Train7473
0.46952897,0.530471,Train92
0.5358734,0.46412656,Train1685
-2.2742293,3.2742293,Train22942
1.5909033,-0.59090334,Train4784
-0.09083676,1.0908368,Train16986
-3.99715,4.99715,Train23203
-5.480689,6.480689,Train12595
-0.47283363,1.4728336,Train43
-0.107353926,1.1073539,Train2099
3.7466269,-2.7466269,Train3332
-2.8225198,3.8225198,Train11596
-5.088528,6.088528,Train11990
2.4530702,-1.4530702,Train601
1.284315,-0.28431496,Train302
-0.29765403,1.297654,Train506
-0.08559477,1.0855948,Train1524
-4.0607495,5.0607495,Train12938
1.4565196,-0.45651954,Train3990
-2.8673437,3.8673437,Train74
1.9782224,-0.97822237,Train2024
-2.5113635,3.5113635,Train25918
0.9691968,0.030803192,Train24221
-0.17229807,1.1722981,Train16666
-1.1485169,2.148517,Train14517
-0.88530564,1.8853056,Train16526
0.29447174,0.70552826,Train2521
-1.2308497,2.2308497,Train25455
1.239945,-0.23994501,Train9314
-3.8843846,4.8843846,Train11460
2.169271,-1.169271,Train2715
-1.0565264,2.0565264,Train1672
-2.9932337,3.9932337,Train25864
-5.485951,6.485951,Train23888
0.20285255,0.79714745,Train15754
-2.2204292,3.2204292,Train17871
-3.034297,4.034297,Train12071
-3.7858458,4.7858458,Train22024
-2.4280922,3.4280922,Train4659
-0.8194591,1.8194591,Train630
4.6412992,-3.6412995,Train3437
3.5377283,-2.5377283,Train2398
-3.638917,4.638917,Train23709
-2.2948651,3.2948651,Train18640
-4.5628104,5.5628104,Train11488
3.1219554,-2.1219554,Train3393
0.37307984,0.62692016,Train2714
1.014165,-0.014164997,Train9727
-2.1866395,3.1866395,Train19586
-3.9359994,4.9359994,Train14483
-2.8579137,3.8579137,Train16532
-0.37956905,1.379569,Train3004
1.9004734,-0.9004734,Train3080
-2.0873075,3.0873075,Train15584
-4.4919615,5.4919615,Train13844
1.7272277,-0.72722775,Train2525
-0.5124911,1.5124911,Train23684
-3.1516738,4.151674,Train22609
0.7082199,0.29178008,Train8927
-2.60873,3.60873,Train16471
-4.729215,5.729215,Train7269
-0.867659,1.867659,Train4781
-1.7785087,2.7785087,Train7430
0.24013817,0.7598618,Train4231
-3.0789342,4.078934,Train4951
-4.695793,5.695793,Train11511
0.8306921,0.16930789,Train5457
-4.5097666,5.5097666,Train12980
1.2484722,-0.24847218,Train436
-4.77027,5.77027,Train11948
-0.16175854,1.1617585,Train4403
-1.4811945,2.4811945,Train14830
-2.2300427,3.2300427,Train7000
0.7291697,0.2708303,Train4818
-4.479302,5.479302,Train11580
-0.674587,1.674587,Train4905
-1.3128786,2.3128786,Train2065
0.10349131,0.8965087,Train3132
-0.8554106,1.8554106,Train23207
1.24332,-0.24332005,Train4297
-0.71572673,1.7157267,Train17710
-0.7468777,1.7468777,Train18544
-3.466825,4.466825,Train11875
-3.8643374,4.8643374,Train21734
-2.2680151,3.2680151,Train9083
-0.97942877,1.9794288,Train23373
-1.3688304,2.3688304,Train10603
-2.9960077,3.9960077,Train7691
0.71734643,0.2826536,Train9397
-3.3077264,4.3077264,Train23797
-5.326925,6.326925,Train13819
-1.5669684,2.5669684,Train24556
-2.407716,3.407716,Train25496
-2.6316812,3.6316812,Train16674
-1.9190605,2.9190605,Train11855
0.28737658,0.7126234,Train3597
0.28857833,0.71142167,Train14900
-4.1542826,5.1542826,Train13782
-2.1542602,3.1542602,Train16027
-2.5362558,3.5362558,Train25471
-0.0935421,1.0935421,Train8601
-1.8033202,2.8033202,Train2445
-1.7485471,2.748547,Train9819
0.059075832,0.94092417,Train7033
2.0027199,-1.0027199,Train765
-3.6380677,4.6380677,Train14492
-4.3260837,5.3260837,Train14819
-3.9703836,4.9703836,Train16768
1.9540453,-0.95404524,Train1868
0.2127254,0.7872746,Train15053
-1.3457744,2.3457744,Train20130
-1.8933561,2.893356,Train17517
-0.2560854,1.2560854,Train5626
-2.8962939,3.8962939,Train19546
-0.66521144,1.6652114,Train25165
-3.7498817,4.7498817,Train23795
-0.5542091,1.5542091,Train18455
0.4794358,0.5205642,Train18401
-4.9954576,5.9954576,Train14428
1.3694702,-0.36947024,Train2481
-1.9206195,2.9206195,Train15942
-3.5769687,4.5769687,Train24952
2.015068,-1.015068,Train258
0.2516396,0.7483604,Train7189
1.9815509,-0.981551,Train8665
-5.6117063,6.6117063,Train11726
-1.9065635,2.9065635,Train20283
-2.1812005,3.1812005,Train23690
-4.447513,5.447513,Train12585
1.4421177,-0.44211772,Train2680
0.04257679,0.9574232,Train1350
-1.1479332,2.1479332,Train23520
-5.654965,6.654965,Train23098
-2.483782,3.483782,Train15911
-3.8753166,4.8753166,Train13139
-2.2351162,3.2351162,Train10771
-4.28278,5.28278,Train24650
-4.002972,5.002972,Train25595
-1.015583,2.015583,Train15842
-3.6312256,4.6312256,Train7692
0.006711185,0.9932888,Train18553
-0.606694,1.606694,Train21374
-3.1318822,4.131882,Train18675
-0.5097054,1.5097054,Train16545
-4.1108274,5.1108274,Train14398
0.3797419,0.6202581,Train3772
-1.0863488,2.0863488,Train19935
-0.65306664,1.6530666,Train10093
-1.6773732,2.6773732,Train7722
-3.5328808,4.532881,Train8278
-2.1291087,3.1291087,Train25874
2.9313893,-1.9313895,Train3200
-4.9638476,5.9638476,Train23717
-0.74198437,1.7419844,Train21533
-2.761547,3.761547,Train13854
0.08002311,0.9199769,Train3798
-1.5557756,2.5557756,Train16888
-0.24202764,1.2420276,Train14450
-2.0167453,3.0167453,Train12680
-0.4892794,1.4892794,Train7171
0.82499343,0.17500657,Train4381
-1.9003477,2.9003477,Train20495
1.4392601,-0.43926013,Train320
0.21887344,0.78112656,Train2110
-1.5249083,2.5249083,Train8515
2.1401248,-1.1401247,Train3294
-1.0618026,2.0618026,Train3706
-1.8330622,2.8330622,Train14758
0.48557913,0.51442087,Train908
-4.152427,5.152427,Train11469
-2.554911,3.554911,Train6637
-2.2997665,3.2997665,Train20582
-2.2265007,3.2265007,Train16203
2.190855,-1.190855,Train4319
-4.2297783,5.2297783,Train11743
-3.8947577,4.8947577,Train11509
-2.687114,3.687114,Train7545
-0.57168245,1.5716825,Train4113
1.4161832,-0.41618323,Train578
-0.2961495,1.2961495,Train6386
-3.2028098,4.20281,Train14764
-0.121959925,1.1219599,Train1225
-1.0246704,2.0246704,Train16793
-1.6573551,2.657355,Train16012
3.2806385,-2.2806385,Train177
-2.1700628,3.1700628,Train15529
-1.5593088,2.5593088,Train7721
-0.7482506,1.7482506,Train3217
-0.08777201,1.087772,Train23403
2.1790755,-1.1790755,Train15760
0.6368263,0.36317372,Train9431
-3.8369699,4.83697,Train21650
-0.45191967,1.4519197,Train2823
-1.3328116,2.3328116,Train16680
-0.30715418,1.3071542,Train4311
-3.9001107,4.9001107,Train11467
-1.8126173,2.8126173,Train22388
-3.7831569,4.783157,Train11848
0.15733808,0.8426619,Train4600
4.3723745,-3.3723748,Train3304
-2.6555552,3.6555552,Train10567
-0.8170935,1.8170935,Train7494
-2.976687,3.976687,Train7569
-0.5565342,1.5565342,Train24170
2.2918735,-1.2918735,Train2624
1.132365,-0.13236497,Train4164
-2.9275491,3.9275491,Train7032
-1.763504,2.763504,Train23750
0.745611,0.254389,Train1996
-2.9417126,3.9417126,Train21439
-3.275825,4.275825,Train12106
1.6731112,-0.6731112,Train11407
